{"type":"FeatureCollection","features":[{"type":"Feature","properties":{"NAME":"Cyprus","ABBREVN":"Cyprus","SUBJECTO":"Cyprus","BORDERPRECISION":1,"PARTOF":"Cyprus"},"geometry":{"type":"MultiPolygon","coordinates":[[[[33.7805,35.20814],[33.77267,35.12928],[33.92467,34.95323],[33.79196,34.95737],[33.73258,34.90862],[33.68582,34.93487],[33.53851,34.94416],[33.48394,34.79579],[33.13139,34.68034],[32.95862,34.65934],[32.91455,34.63573],[32.91452,34.54126],[32.81666,34.53864],[32.78414,34.62523],[32.60339,34.61473],[32.35718,34.68034],[32.27109,34.7197],[32.27098,34.81416],[32.1985,34.86139],[32.14372,35.04254],[32.18048,35.05831],[32.23446,35.01363],[32.30099,35.01626],[32.48312,35.15294],[32.59698,35.15557],[32.74495,35.11427],[32.77952,35.15294],[32.81907,35.28175],[32.79511,35.36061],[33.07748,35.31861],[33.37371,35.30648],[33.53904,35.3317],[33.90732,35.43685],[34.21734,35.57357],[34.45821,35.64456],[34.24465,35.51184],[34.04843,35.40793],[33.7805,35.20814]]]]}},{"type":"Feature","properties":{"NAME":"Portugal","ABBREVN":"Portugal","SUBJECTO":"Portugal","BORDERPRECISION":1,"PARTOF":"Portugal"},"geometry":{"type":"MultiPolygon","coordinates":[[[[-7.4915,37.20816],[-7.60344,37.16298],[-7.83604,37.03225],[-8.03364,37.00879],[-8.28024,37.08858],[-8.54107,37.08858],[-8.66706,37.12144],[-8.99085,36.99001],[-9.01664,37.0698],[-8.84151,37.52515],[-8.85103,37.91018],[-8.93279,37.96184],[-8.82299,38.20607],[-8.8473,38.38457],[-8.78892,38.43598],[-8.85365,38.49964],[-9.02232,38.46102],[-9.23657,38.41745],[-9.28516,38.61947],[-9.06915,38.64296],[-8.94189,38.74192],[-8.96083,38.81846],[-9.04085,38.92018],[-9.17575,38.73223],[-9.36164,38.67115],[-9.5224,38.68994],[-9.54901,38.77452],[-9.45976,38.95308],[-9.39771,39.23036],[-9.41527,39.36668],[-9.29927,39.41774],[-9.11792,39.64403],[-8.91559,40.13815],[-8.96967,40.19002],[-8.69407,40.99217],[-8.85178,41.40783],[-8.85475,41.59685],[-8.92074,41.76702],[-8.80606,41.88918],[-8.40505,42.00214],[-8.15726,42.08704],[-7.91856,41.88917],[-7.09844,41.86795],[-6.85952,41.98491],[-6.7087,41.96004],[-6.58608,41.85792],[-6.51843,41.7491],[-6.1395,41.52644],[-6.11154,41.41746],[-6.24115,41.32048],[-6.79663,41.09283],[-6.83445,41.06054],[-6.85717,40.86158],[-6.82486,40.65657],[-6.88417,40.21403],[-6.85868,39.79192],[-6.87832,39.7024],[-7.0842,39.59907],[-7.30126,39.57871],[-7.431,39.52052],[-7.21144,39.29821],[-7.00687,39.05032],[-6.93338,38.96135],[-7.08942,38.7945],[-7.31734,38.49963],[-7.39388,38.29499],[-7.0281,38.23958],[-6.84478,38.10021],[-7.24251,37.8109],[-7.35144,37.64444],[-7.488,37.21635],[-7.4915,37.20816]]]]}},{"type":"Feature","properties":{"NAME":"Sardinia","ABBREVN":"Sardinia","SUBJECTO":"Sardinia","BORDERPRECISION":1,"PARTOF":"Sardinia"},"geometry":{"type":"MultiPolygon","coordinates":[[[[8.81956,38.97691],[8.6961,38.99581],[8.58238,39.06577],[8.41717,39.2122],[8.37422,39.30785],[8.46503,39.63994],[8.50848,39.94648],[8.48798,40.2088],[8.42819,40.46485],[8.20155,40.663],[8.15949,40.78468],[8.24071,40.85534],[8.40555,40.86208],[8.76607,40.8628],[8.91842,40.94002],[9.3062,41.18445],[9.59085,40.90291],[9.79374,40.56368],[9.78785,40.44196],[9.69572,40.31369],[9.6308,40.09586],[9.69801,39.6935],[9.64834,39.45721],[9.47892,39.14416],[9.29628,39.23312],[9.06254,39.21989],[8.99852,39.17509],[8.93137,39.0537],[8.81956,38.97691]]]]}},{"type":"Feature","properties":{"NAME":"Teutonic Knights","ABBREVN":"TeutonicLand","SUBJECTO":"Teutonic Knights","BORDERPRECISION":1,"PARTOF":"Teutonic Knights"},"geometry":{"type":"MultiPolygon","coordinates":[[[[27.37053,55.71934],[26.24543,55.89609],[25.3074,56.48854],[24.71496,56.34042],[22.74543,56.35004],[21.9045,56.35004],[21.1418,56.1273],[21.31028,55.51306],[21.6696,55.51306],[22.02893,55.2564],[21.92626,54.9484],[22.13159,54.79441],[22.08026,54.58908],[22.18292,54.53775],[22.23425,54.12709],[21.46427,53.8191],[21.10495,53.8191],[20.80981,53.63757],[20.7094,53.75807],[20.42825,53.77815],[20.3863,53.5111],[20.0783,53.5111],[20.0783,53.6651],[19.56498,53.45977],[19.20566,53.25444],[18.949,53.25444],[18.58967,53.10045],[18.28168,53.35711],[18.68493,54.25402],[18.96498,54.22758],[19.255,54.27719],[19.7336,54.46117],[19.75772,54.45917],[19.31761,54.27168],[19.23206,54.22207],[19.23031,54.16697],[19.3281,54.16145],[19.45682,54.21656],[19.5704,54.25508],[19.73312,54.31027],[19.91458,54.39466],[19.97754,54.42394],[20.18865,54.52198],[20.32671,54.56401],[20.19423,54.57505],[20.0057,54.54746],[19.93812,54.60817],[19.88181,54.52538],[19.83325,54.5309],[19.86317,54.75173],[19.94257,54.84986],[20.1271,54.84564],[20.79715,54.81798],[20.9852,54.81164],[21.13734,54.84546],[21.19194,54.95958],[21.11335,55.08924],[21.22385,55.11145],[21.19312,55.16635],[21.16232,55.22138],[21.14303,55.25584],[21.20093,55.26139],[21.2163,55.34367],[21.01845,55.63401],[21.01482,55.69706],[20.99596,56.02413],[20.94545,56.06996],[20.91601,56.09667],[20.94905,56.47319],[20.96483,56.60902],[21.02205,56.68388],[21.32438,56.85442],[21.33975,57.17707],[21.45959,57.24961],[21.57951,57.3726],[21.67733,57.46366],[21.81025,57.47538],[22.2854,57.56504],[22.35993,57.58567],[22.43297,57.61556],[22.56364,57.61556],[22.58542,57.50865],[22.88137,57.33414],[23.07089,57.26132],[23.17466,57.04849],[23.21545,56.98067],[23.41447,56.89241],[23.76781,56.86588],[24.15838,56.97549],[24.26631,57.03015],[24.3465,57.15972],[24.32294,57.33689],[24.23619,57.72816],[24.32544,57.83747],[24.34565,57.86222],[24.41564,57.94793],[24.4144,58.10589],[24.49679,58.21315],[24.33109,58.30793],[24.05835,58.11153],[23.90807,58.22445],[23.67086,58.24139],[23.69047,58.66548],[23.51187,58.58088],[23.36082,58.76742],[23.43198,58.85808],[23.33789,58.97239],[23.45698,59.00549],[23.41576,59.11896],[23.57018,59.13807],[24.03211,59.17574],[24.02956,59.23542],[24.28195,59.28414],[24.34157,59.36888],[24.53757,59.32341],[24.57092,59.37433],[24.71381,59.35183],[24.75122,59.44846],[25.24829,59.3618],[25.44879,59.49396],[25.48999,59.42004],[25.72112,59.45984],[26.34326,59.44665],[26.8619,59.37175],[26.99902,59.31773],[27.26509,59.33804],[27.70204,59.2975],[27.66629,58.9825],[27.52373,59.00693],[27.29814,58.99492],[27.10732,58.9542],[26.97412,58.88428],[26.96641,58.80557],[27.15674,58.64795],[27.23662,58.45225],[27.32393,58.4019],[27.42549,58.30308],[27.47266,58.21675],[27.49707,58.18413],[27.5653,58.09269],[27.51069,57.61143],[27.6059,56.70689],[27.65084,56.27996],[27.37053,55.71934]]],[[[27.57742,58.19946],[27.56855,58.21479],[27.56133,58.25742],[27.58271,58.3064],[27.59019,58.31199],[27.57742,58.19946]]]]}},{"type":"Feature","properties":{"NAME":"Navarre","ABBREVN":"Navarre","SUBJECTO":"Navarre","BORDERPRECISION":1,"PARTOF":"Navarre"},"geometry":{"type":"MultiPolygon","coordinates":[[[[-2.14292,43.33147],[-2.06564,43.33327],[-1.91458,43.30542],[-1.70239,43.19594],[-1.49138,43.20962],[-1.46565,43.15489],[-1.55767,43.04543],[-1.51513,42.99756],[-1.44755,42.98388],[-1.39727,43.03176],[-0.90735,42.8813],[-1.6643,42.12542],[-1.60487,41.76883],[-2.13001,41.81657],[-2.25861,41.82826],[-2.31804,42.06599],[-2.08032,42.06599],[-2.19918,42.24428],[-2.67463,42.42258],[-2.55577,43.07632],[-2.13975,43.13576],[-2.14292,43.33147]]]]}},{"type":"Feature","properties":{"NAME":"Morocco","ABBREVN":"Morocco","SUBJECTO":"Morocco","BORDERPRECISION":1,"PARTOF":"Morocco"},"geometry":{"type":"MultiPolygon","coordinates":[[[[-2.19297,35.05425],[-2.07658,34.82568],[-1.82328,34.69997],[-1.73815,34.60509],[-1.66399,34.20505],[-1.67392,33.82995],[-1.68113,33.25782],[-1.61015,33.04845],[-1.80221,32.42724],[-9.62504,30.4061],[-9.81704,30.75522],[-9.85776,31.06019],[-9.81327,31.28906],[-9.63532,31.5754],[-9.31756,31.96372],[-9.22225,32.25625],[-9.25077,32.42142],[-9.21869,32.58036],[-8.64026,33.12173],[-8.31441,33.33848],[-7.90241,33.48549],[-7.33262,33.69637],[-7.00401,33.87498],[-6.75297,34.12335],[-6.51147,34.4543],[-6.47205,34.53094],[-6.30205,34.86144],[-5.92876,35.72786],[-5.80789,35.78542],[-5.565,35.86234],[-5.47936,35.80521],[-5.17179,35.42376],[-5.10963,35.37931],[-4.59298,35.15119],[-4.29535,35.15179],[-4.02789,35.13324],[-3.4408,35.16628],[-3.20577,35.26861],[-3.00903,35.38998],[-2.82988,35.14206],[-2.71481,35.09774],[-2.35566,35.05392],[-2.32594,35.05398],[-2.19297,35.05425]]]]}},{"type":"Feature","properties":{"NAME":"Bosnia","ABBREVN":"Bosnia","SUBJECTO":"Bosnia","BORDERPRECISION":1,"PARTOF":"Bosnia"},"geometry":{"type":"MultiPolygon","coordinates":[[[[17.54798,42.92012],[17.30407,43.07621],[17.07509,43.22275],[16.99226,43.32272],[16.63981,43.38974],[16.71152,43.77133],[16.70148,43.84666],[16.8651,44.24474],[17.45754,44.146],[17.75376,44.39285],[18.93865,44.39285],[19.78508,44.93614],[20.29067,44.89966],[20.31366,44.90109],[20.70533,44.64231],[20.99418,44.70008],[21.68491,43.72804],[21.68151,43.7133],[21.48899,42.87908],[20.70533,42.81377],[19.60697,41.76154],[19.45789,41.79808],[19.36771,41.84637],[19.33847,41.86202],[19.14304,41.93209],[19.13554,41.99954],[18.9099,42.21779],[18.52864,42.35274],[18.51359,42.36214],[18.24871,42.52744],[18.00137,42.69446],[17.64638,42.8646],[17.59568,42.8889],[17.54798,42.92012]]]]}},{"type":"Feature","properties":{"NAME":"Venice","ABBREVN":"Venice","SUBJECTO":"Venice","BORDERPRECISION":1,"PARTOF":"Venice"},"geometry":{"type":"MultiPolygon","coordinates":[[[[13.3677,45.69449],[13.15617,45.72652],[13.10461,45.58239],[12.89865,45.55837],[12.44816,45.39429],[12.48321,45.46231],[12.27974,45.40229],[12.25142,45.29028],[12.18037,45.27028],[12.17619,45.21429],[11.97067,45.43624],[12.14482,45.76277],[12.64549,45.91514],[13.08086,45.98045],[13.3677,45.69449]]],[[[14.17461,45.01039],[14.18851,44.94255],[14.0604,44.8947],[13.99126,44.7831],[13.8951,44.75918],[13.67206,45.05036],[13.64359,45.17909],[13.52689,45.45431],[13.55628,45.4596],[13.74909,45.49433],[13.79998,45.56637],[13.99513,45.45801],[13.95159,45.3927],[13.79921,45.30563],[13.90806,44.97911],[14.17461,45.01039]]]]}},{"type":"Feature","properties":{"NAME":"Corsica","ABBREVN":"Corsica","SUBJECTO":"Corsica","BORDERPRECISION":1,"PARTOF":"Corsica"},"geometry":{"type":"MultiPolygon","coordinates":[[[[9.43216,42.79414],[9.40549,42.5806],[9.45855,42.55606],[9.48671,42.40638],[9.45251,42.04831],[9.35746,41.90121],[9.30454,41.57527],[9.17302,41.34991],[9.03894,41.3695],[9.01327,41.45768],[8.82875,41.49198],[8.72692,41.56057],[8.85465,41.65368],[8.82325,41.68798],[8.62693,41.73209],[8.74245,41.8816],[8.69283,41.91346],[8.56187,41.8816],[8.53793,41.94778],[8.58959,41.95759],[8.66831,42.02869],[8.62645,42.09734],[8.5107,42.13412],[8.51725,42.2077],[8.62842,42.26166],[8.50045,42.35978],[8.6093,42.48735],[8.879,42.62477],[9.00039,42.63459],[9.01843,42.69104],[9.14946,42.71067],[9.23769,42.66404],[9.28039,42.72786],[9.27052,42.88251],[9.30319,42.98319],[9.36705,42.9881],[9.41424,42.90953],[9.43216,42.79414]]]]}},{"type":"Feature","properties":{"NAME":"Papal States","ABBREVN":"Papal States","SUBJECTO":"Papal States","BORDERPRECISION":1,"PARTOF":"Papal States"},"geometry":{"type":"MultiPolygon","coordinates":[[[[12.69723,43.93476],[13.60087,43.5348],[13.73156,43.37416],[13.79163,43.12334],[13.91509,42.87276],[14.0764,42.63378],[13.99583,42.61343],[13.92942,42.53041],[13.82979,42.56362],[13.82979,42.4806],[13.76338,42.46399],[13.71356,42.39758],[13.63054,42.53041],[13.54752,42.43079],[13.41469,42.36437],[13.4645,42.23153],[13.41469,42.19833],[13.58073,42.0987],[13.58073,42.04889],[13.63054,42.01568],[13.63054,41.93266],[13.56413,41.86624],[13.59733,41.79983],[13.64715,41.75001],[13.64715,41.79983],[13.863,41.75001],[13.863,41.78322],[13.92942,41.75001],[13.87961,41.66699],[13.87961,41.63378],[13.92942,41.63378],[13.96263,41.51755],[13.96263,41.46774],[14.02904,41.40132],[13.99583,41.35151],[13.97923,41.33491],[13.81319,41.3183],[13.76051,41.2067],[13.49839,41.30186],[13.27145,41.31424],[12.97678,41.37138],[12.64152,41.5311],[12.39485,41.72955],[11.96343,42.00474],[11.96013,42.00737],[12.01993,42.0987],[12.00333,42.24814],[12.06975,42.29795],[12.05314,42.53041],[12.12972,42.59605],[12.16937,42.63004],[12.15277,42.69645],[12.18598,42.91231],[12.16937,42.91231],[12.15277,43.06175],[12.21919,43.22779],[12.30221,43.2776],[12.30221,43.34402],[12.69723,43.93476]]]]}},{"type":"Feature","properties":{"NAME":"Sicily","ABBREVN":"Sicily","SUBJECTO":"Sicily","BORDERPRECISION":1,"PARTOF":"Sicily"},"geometry":{"type":"MultiPolygon","coordinates":[[[[14.0764,42.63378],[14.09277,42.60953],[14.40493,42.35311],[14.51931,42.2297],[14.71996,42.14176],[14.73853,42.04716],[14.92241,41.97177],[15.44861,41.85673],[16.01284,41.90432],[16.18741,41.84086],[16.19841,41.74567],[15.98915,41.63465],[15.87325,41.50214],[15.99104,41.40614],[16.42027,41.27872],[16.94596,41.09381],[17.31927,40.92925],[18.03392,40.59665],[18.05994,40.51353],[18.38361,40.30775],[18.52265,40.09413],[18.43368,39.89841],[18.36492,39.74672],[18.16013,39.87313],[18.01707,39.94789],[17.96775,40.16689],[17.8496,40.2435],[17.61915,40.28784],[17.40165,40.29193],[17.20417,40.39794],[17.2428,40.49576],[17.08408,40.52511],[16.94871,40.48109],[16.84413,40.36314],[16.72756,40.1836],[16.60441,40.08991],[16.62385,39.96775],[16.53501,39.83157],[16.5321,39.69751],[16.87399,39.54365],[17.14907,39.4218],[17.10742,39.28047],[17.121,39.08602],[17.18071,39.02221],[17.09469,38.91502],[16.7977,38.92586],[16.61333,38.82733],[16.5222,38.72502],[16.572,38.45712],[16.33069,38.32074],[16.05294,37.93117],[15.78524,37.90971],[15.71023,37.94144],[15.62748,38.00421],[15.62658,38.23308],[15.79087,38.2964],[15.93347,38.53992],[15.8273,38.62273],[15.98985,38.73476],[16.15221,38.70127],[16.21223,38.77795],[16.17721,38.93099],[16.08256,39.01247],[15.98955,39.42835],[15.82467,39.66063],[15.75702,39.93363],[15.6662,40.09186],[15.51592,40.06595],[15.43203,39.98897],[15.02726,40.2122],[14.89867,40.24146],[14.99232,40.37222],[14.95101,40.55148],[14.74332,40.70481],[14.33413,40.5936],[14.34977,40.64252],[14.49459,40.72996],[14.37031,40.85147],[14.24,40.85294],[14.05087,40.76751],[13.94188,40.99804],[13.8525,41.09096],[13.79701,41.19345],[13.76051,41.2067],[13.81319,41.3183],[13.97923,41.33491],[13.99583,41.35151],[14.02904,41.40132],[13.96263,41.46774],[13.96263,41.51755],[13.92942,41.63378],[13.87961,41.63378],[13.87961,41.66699],[13.92942,41.75001],[13.863,41.78322],[13.863,41.75001],[13.64715,41.79983],[13.64715,41.75001],[13.59733,41.79983],[13.56413,41.86624],[13.63054,41.93266],[13.63054,42.01568],[13.58073,42.04889],[13.58073,42.0987],[13.41469,42.19833],[13.4645,42.23153],[13.41469,42.36437],[13.54752,42.43079],[13.63054,42.53041],[13.71356,42.39758],[13.76338,42.46399],[13.82979,42.4806],[13.82979,42.56362],[13.92942,42.53041],[13.99583,42.61343],[14.0764,42.63378]]]]}},{"type":"Feature","properties":{"NAME":"Kingdom of Hungary","ABBREVN":"Hungary","SUBJECTO":"Hungary","BORDERPRECISION":1,"PARTOF":"Hungary"},"geometry":{"type":"MultiPolygon","coordinates":[[[[14.35449,45.32289],[14.52667,45.783],[14.79847,45.86455],[14.88001,45.48402],[15.42362,45.42966],[15.46982,45.73408],[16.12215,45.58187],[16.20913,45.73408],[16.07866,45.88629],[16.20913,46.14722],[16.44832,46.10373],[16.53529,46.36466],[16.29611,46.40815],[16.51355,46.62559],[16.44832,46.7778],[16.44832,46.93001],[16.55704,47.06048],[16.55704,47.19095],[16.64402,47.29967],[16.55704,47.49537],[16.62227,47.73455],[16.79622,47.84327],[17.40778,47.82153],[17.46214,48.06615],[17.21752,48.06615],[17.19034,48.44668],[17.35342,48.9631],[17.86985,48.80002],[18.11447,48.85438],[18.11447,48.99028],[18.22319,48.99028],[18.25037,49.18055],[18.52218,49.56107],[18.92671,49.62196],[19.10824,49.59171],[19.13849,49.71273],[19.38053,49.80349],[19.56206,49.71273],[19.56206,49.5312],[19.71334,49.5312],[19.89487,49.47069],[20.01589,49.80349],[20.34869,49.74298],[20.53022,49.80349],[20.6815,49.65222],[20.89328,49.74298],[20.80252,49.83375],[20.89328,49.83375],[20.98405,49.74298],[21.13532,49.83375],[21.2866,49.77324],[21.31685,49.864],[21.76806,49.74368],[21.77068,49.59171],[24.29711,48.75652],[27.17053,47.97286],[27.42832,47.38362],[27.62766,46.92798],[27.36644,46.34024],[26.98655,46.10646],[26.51748,45.8178],[23.05631,45.03414],[22.66448,44.64231],[22.33796,44.77292],[22.07674,44.44639],[21.35838,44.77292],[20.99418,44.70008],[20.70533,44.64231],[20.31366,44.90109],[20.29067,44.89966],[19.78508,44.93614],[18.93865,44.39285],[17.75376,44.39285],[17.45754,44.146],[16.8651,44.24474],[16.70148,43.84666],[16.71152,43.77133],[16.63981,43.38974],[16.54851,43.46131],[16.36675,43.51302],[16.05941,43.43348],[15.91284,43.65225],[15.49437,43.88844],[15.41232,43.93476],[15.14947,44.23993],[15.27441,44.23661],[15.54822,44.22935],[15.28594,44.32892],[14.98911,44.54003],[14.90696,44.72332],[14.94553,44.92659],[14.81539,45.07787],[14.52459,45.26628],[14.35449,45.32289]]]]}},{"type":"Feature","properties":{"NAME":"France","ABBREVN":"France","SUBJECTO":"France","BORDERPRECISION":1,"PARTOF":"France"},"geometry":{"type":"MultiPolygon","coordinates":[[[[1.98662,50.21967],[1.98662,50.08157],[2.14774,50.05856],[2.40091,50.19666],[2.67711,50.15062],[2.90727,49.94348],[3.48268,49.92046],[3.82033,50.03945],[4.25522,49.88724],[5.36113,49.69676],[5.90926,49.20086],[5.90387,49.19577],[5.61162,49.20968],[5.72295,48.95919],[5.87603,49.07052],[6.00128,48.90352],[5.83428,48.77828],[6.0152,48.65303],[5.94562,48.34687],[6.23786,48.29121],[6.25177,47.95721],[6.09869,48.0268],[6.05695,47.95721],[5.95953,47.98505],[5.95953,47.80413],[5.82037,47.73455],[5.91778,47.59539],[5.79254,47.51189],[5.77862,47.35881],[5.73687,47.23356],[5.66729,47.10832],[5.79387,46.99724],[5.75702,46.88667],[5.64644,46.84981],[5.62554,46.64908],[5.73966,46.59783],[5.72493,46.47999],[5.64572,46.45672],[5.41559,46.52418],[5.26828,46.31795],[5.53343,46.097],[5.53343,46.00861],[5.35667,46.0528],[5.35667,45.87604],[5.60708,45.84658],[5.82336,45.39624],[5.93454,45.32212],[5.94689,45.26036],[6.05807,45.2233],[6.03336,45.33448],[6.08278,45.37154],[6.14454,45.32212],[6.21866,45.34683],[6.26807,45.32212],[6.24337,45.29742],[6.28043,45.19859],[6.50732,45.11571],[6.66532,44.95452],[6.9426,44.86865],[7.00347,44.71954],[6.92469,44.71502],[6.78292,44.54787],[6.86978,44.34917],[6.78691,44.29681],[6.78691,44.19799],[6.83632,44.11151],[6.88573,44.14857],[6.93514,44.13622],[6.9722,44.0621],[6.99691,44.04975],[6.92279,43.97563],[6.95985,43.91386],[6.88573,43.90151],[6.92279,43.81504],[7.35515,43.90151],[7.39712,43.76409],[7.29762,43.6673],[6.92308,43.44767],[6.52301,43.15085],[6.33122,43.11187],[6.18778,43.09229],[5.82857,43.02082],[5.64655,43.03332],[5.43449,43.10366],[5.05182,43.3281],[4.90985,43.36644],[4.75059,43.35326],[4.64651,43.32087],[4.41676,43.34615],[4.0782,43.48709],[3.80747,43.46723],[3.47871,43.3121],[3.31787,43.19595],[3.0679,42.94456],[3.03927,42.86919],[2.94888,42.88297],[2.825,42.84975],[2.70112,42.73002],[2.48962,42.71892],[2.48056,42.68562],[2.27209,42.69006],[2.10289,42.61451],[1.72824,42.501],[1.73126,42.54554],[1.79169,42.57892],[1.75543,42.59672],[1.57717,42.64785],[1.45631,42.61895],[1.32046,42.60501],[1.30745,42.63517],[0.7442,42.77189],[0.58414,42.77189],[0.59192,42.62833],[0.34784,42.63517],[0.19627,42.60783],[0.17955,42.66252],[-0.16563,42.64884],[-0.20366,42.70031],[-0.21614,42.7172],[-0.40991,42.78557],[1.63785,45.80104],[1.63785,46.03286],[1.29012,46.30331],[0.36286,46.30331],[0.13104,46.03286],[-0.71895,46.03286],[-1.25606,46.30683],[-1.40267,46.40393],[-1.71073,46.44879],[-1.94248,46.7058],[-2.12966,46.85084],[-2.00465,47.0425],[-2.10948,47.12404],[-2.26375,47.18288],[-2.49371,47.24692],[-2.57553,47.32397],[-2.01036,47.74565],[-1.75197,48.17821],[-1.99911,48.67696],[-2.07597,48.65616],[-2.20007,48.59898],[-2.34289,48.67415],[-2.63638,48.552],[-2.79054,48.58958],[-2.91446,48.70679],[-3.09123,48.87155],[-3.43506,48.83646],[-3.55767,48.81008],[-3.60787,48.69295],[-3.82131,48.72115],[-3.90222,48.64596],[-3.99887,48.73054],[-4.25148,48.65191],[-4.4883,48.61227],[-4.6257,48.54667],[-4.76196,48.552],[-4.77963,48.35477],[-4.77963,48.35477],[-4.76196,48.552],[-4.6257,48.54667],[-4.4883,48.61227],[-4.25148,48.65191],[-3.99887,48.73054],[-3.90222,48.64596],[-3.82131,48.72115],[-3.60787,48.69295],[-3.55767,48.81008],[-3.43506,48.83646],[-3.09123,48.87155],[-2.91446,48.70679],[-2.79054,48.58958],[-2.63638,48.552],[-2.34289,48.67415],[-2.20007,48.59898],[-2.07597,48.65616],[-1.87057,48.71174],[-1.85761,48.60837],[-1.59136,48.6375],[-1.45659,48.68355],[-1.57555,48.76814],[-1.58841,48.88095],[-1.56341,49.03624],[-1.57978,49.22901],[-1.639,49.21961],[-1.89154,49.52635],[-1.94128,49.7093],[-1.52425,49.65277],[-1.25097,49.69988],[-1.28866,49.52097],[-1.17714,49.33255],[-1.02319,49.39846],[-0.46495,49.35138],[-0.23936,49.28549],[-0.20366,49.29181],[0.03287,49.33371],[0.33085,49.45496],[0.09037,49.51055],[0.11505,49.60228],[0.18937,49.68103],[0.52856,49.8258],[0.86876,49.90725],[1.27452,50.0043],[1.41623,50.10984],[1.55199,50.22881],[1.5283,50.57773],[1.58892,50.82188],[1.79618,50.92141],[1.82551,50.24269],[1.98662,50.21967]]],[[[-2.46554,47.49438],[-2.46554,47.49438],[-2.57648,47.32487],[-2.57648,47.32487],[-2.46554,47.49438]]],[[[-4.39094,47.94185],[-4.39094,47.94185],[-4.36437,47.82931],[-4.36437,47.82931],[-4.39094,47.94185]]],[[[-4.31287,48.10133],[-4.35098,48.20457],[-4.35098,48.20457],[-4.31287,48.10133],[-4.70031,48.0638],[-4.70031,48.0638],[-4.31287,48.10133]]],[[[-4.3889,48.29844],[-4.3502,48.39051],[-4.3502,48.39051],[-4.3889,48.29844],[-4.58797,48.25149],[-4.58797,48.25149],[-4.3889,48.29844]]]]}},{"type":"Feature","properties":{"NAME":"Granada","ABBREVN":"Granada","SUBJECTO":"Granada","BORDERPRECISION":1,"PARTOF":"Granada"},"geometry":{"type":"MultiPolygon","coordinates":[[[[-2.62433,36.8113],[-2.7615,36.69014],[-2.91533,36.69014],[-2.96979,36.74115],[-4.44659,36.72202],[-4.7573,36.48611],[-5.21674,36.4096],[-5.37423,36.23748],[-5.38675,36.10998],[-5.42426,36.07174],[-5.45709,36.16736],[-5.48793,36.17372],[-5.48549,36.06537],[-5.66059,36.00801],[-5.85001,36.07174],[-6.20446,36.2821],[-6.30497,36.45422],[-6.28888,36.57218],[-6.44403,36.62318],[-6.50049,36.71883],[-6.42171,36.79216],[-6.63215,37.02175],[-5.20072,37.53295],[-3.96437,37.45568],[-2.62433,36.8113]]]]}},{"type":"Feature","properties":{"NAME":"Castile","ABBREVN":"Castile","SUBJECTO":"Castile","BORDERPRECISION":1,"PARTOF":"Castile"},"geometry":{"type":"MultiPolygon","coordinates":[[[[-8.80606,41.88918],[-8.86049,42.01453],[-8.79857,42.19453],[-8.64406,42.41975],[-8.80505,42.63156],[-8.94172,42.8242],[-9.17312,42.8559],[-9.24686,42.90078],[-9.2708,43.04869],[-9.19747,43.15821],[-9.01359,43.28086],[-8.84922,43.32624],[-8.59572,43.33962],[-8.31041,43.35305],[-8.2507,43.43043],[-8.22022,43.61721],[-7.97953,43.74005],[-7.63627,43.72141],[-7.1513,43.55494],[-6.80798,43.52342],[-6.46757,43.56272],[-6.20805,43.64052],[-5.97966,43.70538],[-5.82045,43.70569],[-5.53742,43.57745],[-5.2249,43.50725],[-4.80234,43.46944],[-4.11022,43.45151],[-3.84761,43.43916],[-3.417,43.37565],[-3.19597,43.44688],[-3.00721,43.55027],[-2.76836,43.53788],[-2.36738,43.32624],[-2.14292,43.33147],[-2.13975,43.13576],[-2.55577,43.07632],[-2.67463,42.42258],[-2.19918,42.24428],[-2.08032,42.06599],[-2.31804,42.06599],[-2.25861,41.82826],[-2.13001,41.81657],[-2.14926,41.49307],[-2.3014,41.49307],[-2.3014,41.26485],[-2.03515,41.22681],[-1.92104,40.61824],[-2.3014,40.39002],[-2.3014,40.23787],[-1.99711,40.08573],[-1.99711,39.97162],[-1.80693,39.85751],[-1.99711,39.7434],[-1.99711,39.59126],[-1.80693,39.47715],[-1.80693,39.17286],[-2.03515,39.24893],[-2.03515,38.60232],[-1.80693,38.52625],[-1.80693,38.25999],[-1.65479,38.18392],[-1.65479,37.91767],[-1.88301,37.9557],[-2.03515,37.8416],[-1.92104,37.65142],[-2.14926,37.23302],[-1.94048,36.9516],[-2.2388,36.7284],[-2.3551,36.82405],[-2.62433,36.8113],[-3.96437,37.45568],[-5.20072,37.53295],[-6.63215,37.02175],[-6.94795,37.14931],[-7.0101,37.16526],[-7.22782,37.22586],[-7.4915,37.20816],[-7.488,37.21635],[-7.35144,37.64444],[-7.24251,37.8109],[-6.84478,38.10021],[-7.0281,38.23958],[-7.39388,38.29499],[-7.31734,38.49963],[-7.08942,38.7945],[-6.93338,38.96135],[-7.00687,39.05032],[-7.21144,39.29821],[-7.431,39.52052],[-7.30126,39.57871],[-7.0842,39.59907],[-6.87832,39.7024],[-6.85868,39.79192],[-6.88417,40.21403],[-6.82486,40.65657],[-6.85717,40.86158],[-6.83445,41.06054],[-6.79663,41.09283],[-6.24115,41.32048],[-6.11154,41.41746],[-6.1395,41.52644],[-6.51843,41.7491],[-6.58608,41.85792],[-6.7087,41.96004],[-6.85952,41.98491],[-7.09844,41.86795],[-7.91856,41.88917],[-8.15726,42.08704],[-8.40505,42.00214],[-8.80606,41.88918]]]]}},{"type":"Feature","properties":{"NAME":"Mamluke Sultanate","ABBREVN":"Mamluke","SUBJECTO":"Mamluke Sultanate","BORDERPRECISION":1,"PARTOF":"Mamluke Sultanate"},"geometry":{"type":"MultiPolygon","coordinates":[[[[34.93554,29.41809],[34.76433,29.24669],[34.54895,28.73163],[34.39884,28.09599],[34.32201,27.82898],[34.2412,27.75892],[34.05801,27.79031],[33.85604,28.02496],[33.50406,28.32918],[33.33074,28.55119],[33.17847,28.99561],[32.94378,29.19842],[32.81361,29.4777],[32.73728,29.69355],[32.64796,29.8522],[32.43838,29.77552],[32.31849,29.5402],[32.59058,28.9372],[32.64934,28.76578],[32.93468,28.37883],[33.35422,27.90955],[33.56694,27.36995],[33.80406,26.93207],[33.92881,26.56382],[34.10422,26.35452],[34.51484,25.57392],[34.9974,24.7172],[35.18986,24.39992],[32.51418,23.73314],[30.81889,23.65943],[29.34472,24.02797],[27.42831,27.19743],[25.43819,28.00822],[21.67907,28.08193],[17.97053,28.6124],[17.95716,30.76836],[18.53721,30.41375],[18.88543,30.22122],[18.91503,30.20486],[19.12454,30.19894],[19.3188,30.25537],[19.32282,30.25654],[19.66391,30.4415],[19.98154,30.72173],[20.11677,30.9571],[20.11668,31.07147],[19.9921,31.35077],[19.94158,31.61117],[19.96147,31.79547],[20.06836,32.03714],[20.36572,32.29824],[20.51552,32.38751],[20.76505,32.49603],[21.0545,32.63005],[21.67342,32.81559],[22.21599,32.79129],[22.54313,32.72207],[22.92285,32.55766],[23.00733,32.48159],[23.02666,32.25291],[23.15334,32.13881],[23.28864,32.13273],[23.71403,32.07642],[23.74242,32.0641],[24.0344,31.93731],[24.23692,31.92502],[24.81586,31.90715],[24.95153,31.81849],[24.98224,31.64701],[25.10655,31.51384],[25.25823,31.43792],[25.50716,31.44478],[25.7895,31.48984],[26.14333,31.49058],[26.82399,31.35856],[27.0881,31.30673],[27.43875,31.25182],[27.76333,31.18261],[27.91945,30.99869],[28.09983,30.99906],[28.51718,30.9618],[28.96642,30.78484],[29.24885,30.75366],[29.35938,30.81107],[29.6831,31.05317],[30.09914,31.23193],[30.47606,31.31529],[30.82706,31.43674],[30.99596,31.46885],[31.15138,31.44375],[31.39227,31.44426],[31.71742,31.38775],[31.80812,31.17828],[32.07651,31.01365],[32.30938,31.08402],[32.59724,30.9639],[32.76873,30.95155],[33.02139,31.13207],[33.12957,31.05169],[33.2546,31.02653],[33.5576,30.96772],[33.70961,30.99571],[33.91697,31.07005],[34.1463,31.20858],[34.19528,31.23814],[34.50066,31.6211],[34.59914,31.8179],[34.68134,32.04598],[34.7585,32.30072],[34.84289,32.6707],[34.89497,32.66283],[34.95659,32.70482],[34.95908,32.79666],[34.97201,32.93841],[35.08897,33.06926],[35.13231,33.23152],[35.20839,33.33359],[35.35609,33.63978],[35.34856,33.74447],[35.42987,33.74447],[35.49185,33.83083],[35.5244,33.97477],[35.53208,34.11871],[35.71621,34.31237],[35.82101,34.34378],[35.87307,34.42229],[35.85192,34.49295],[35.75075,34.74681],[35.80885,35.0138],[35.84138,35.04263],[35.79643,35.27072],[35.60734,35.41754],[35.66396,35.4595],[35.68043,35.52767],[35.73318,35.58536],[35.69143,35.68502],[35.7395,35.69027],[35.85594,35.8345],[35.82905,35.88478],[35.7185,36.09156],[35.66495,36.13353],[35.70863,36.21223],[35.81414,36.29849],[38.37216,35.14089],[38.03645,34.59719],[37.2119,33.5665],[36.52477,31.16155],[36.59348,29.78729],[37.36354,27.95737],[37.42091,27.83412],[39.07421,25.50214],[40.17984,24.02797],[41.13804,22.40639],[41.81246,21.71259],[41.92255,20.76651],[40.81976,19.68472],[40.69382,19.86871],[40.33635,20.09669],[39.76408,20.4068],[39.5269,20.69221],[39.16674,21.2188],[39.13041,21.65076],[39.10334,22.00017],[39.10219,22.40045],[39.0556,22.57189],[38.9151,22.87021],[38.49012,23.61268],[38.32942,23.83472],[37.98842,24.11356],[37.78185,24.21479],[37.55722,24.27149],[37.41881,24.39827],[37.20145,24.65831],[37.26854,24.96978],[37.21827,25.16663],[37.00526,25.53469],[36.6693,26.01684],[36.32976,26.40276],[36.31222,26.4227],[35.83107,27.09515],[35.59481,27.51399],[35.4365,27.72966],[35.11159,28.07206],[34.87562,28.09697],[34.76388,28.09675],[34.7989,28.23024],[34.88559,28.35748],[35.02568,28.94863],[35.0721,29.21136],[35.09547,29.34268],[35.0734,29.41887],[34.98468,29.46722],[34.95426,29.43681],[34.93554,29.41809]]]]}},{"type":"Feature","properties":{"NAME":"Hafsid Caliphate","ABBREVN":"Hafsid Cal.","SUBJECTO":"Hafsid Caliphate","BORDERPRECISION":1,"PARTOF":"Hafsid Caliphate"},"geometry":{"type":"MultiPolygon","coordinates":[[[[6.50289,32.73261],[5.68125,32.81541],[2.45312,32.66868],[-1.08128,32.45393],[-1.80221,32.42724],[-1.61015,33.04845],[-1.68113,33.25782],[-1.67392,33.82995],[-1.66399,34.20505],[-1.73815,34.60509],[-1.82328,34.69997],[-2.07658,34.82568],[-2.19297,35.05425],[-2.03525,35.05457],[-1.73833,35.11883],[-1.4951,35.2339],[-1.32911,35.48891],[-1.14667,35.62937],[-0.91749,35.66804],[-0.73431,35.73846],[-0.42877,35.86007],[-0.28299,35.75848],[-0.20366,35.75072],[-0.09165,35.73977],[0.01531,35.80367],[0.19867,36.03331],[0.47439,36.22496],[0.78124,36.38485],[1.0576,36.46186],[1.57969,36.51389],[2.29377,36.54082],[2.52436,36.57315],[2.80987,36.7139],[3.07001,36.61886],[3.32384,36.65123],[3.58687,36.79195],[3.74122,36.83687],[4.16392,36.83135],[4.39462,36.83819],[4.53255,36.81298],[4.63212,36.79407],[4.77719,36.74338],[5.14447,36.66768],[5.38273,36.67453],[5.73016,36.7517],[6.04739,36.84156],[6.32287,37.09065],[6.77054,36.86215],[6.92304,36.81784],[7.06324,36.88185],[7.20485,36.99047],[7.30698,37.06078],[7.54492,37.04214],[7.71904,36.95328],[7.79204,36.83236],[7.91317,36.77525],[8.14501,36.81395],[8.63671,36.88526],[8.86552,36.96835],[9.15028,37.17287],[9.41612,37.27538],[9.7322,37.2824],[10.02135,37.20013],[10.13273,37.10475],[10.15887,36.99647],[10.27151,36.75455],[10.3928,36.71657],[10.58058,36.79342],[10.84325,36.99149],[11.02376,37.06832],[11.0394,36.90905],[10.92006,36.65394],[10.63341,36.42401],[10.50924,36.21355],[10.51146,36.08617],[10.60261,35.88895],[10.83083,35.67928],[10.98895,35.6223],[11.12511,35.24061],[11.0828,35.14503],[10.83936,34.80115],[10.57403,34.64811],[10.11642,34.23417],[10.01948,34.08147],[10.14866,33.8784],[10.4126,33.63113],[10.65022,33.49818],[10.77814,33.47303],[10.95654,33.57506],[11.09912,33.53723],[11.20892,33.25152],[11.47069,33.14409],[12.11702,32.8785],[12.56476,32.73964],[12.79886,32.73377],[13.18713,32.79176],[13.45878,32.77961],[14.15702,32.67938],[14.43343,32.46391],[14.79081,32.36299],[15.00979,32.36344],[15.1637,32.27481],[15.24144,32.1733],[15.35813,31.80502],[15.53341,31.55122],[15.84333,31.285],[16.01338,31.22817],[16.31839,31.16526],[16.78252,31.1281],[16.98378,31.09674],[17.42163,30.99599],[17.70898,30.89492],[17.95716,30.76836],[17.97053,28.6124],[17.00195,28.75095],[12.5327,30.8049],[7.89229,32.5926],[6.50289,32.73261]]]]}},{"type":"Feature","properties":{"NAME":"Trebizond","ABBREVN":"Trebizond","SUBJECTO":"Trebizond","BORDERPRECISION":1,"PARTOF":"Trebizond"},"geometry":{"type":"MultiPolygon","coordinates":[[[[37.25283,41.02772],[37.82184,41.00963],[38.31396,40.9209],[38.65118,40.92157],[39.13864,41.04432],[39.37018,41.064],[39.663,41.0005],[40.00671,40.95633],[40.36101,40.96344],[40.60989,41.02803],[41.29312,41.28582],[41.48396,41.43654],[40.76176,40.56877],[40.20443,40.35977],[38.81112,40.15077],[37.76614,40.29011],[37.25283,41.02772]]]]}},{"type":"Feature","properties":{"NAME":"Georgia","ABBREVN":"Georgia","SUBJECTO":"Georgia","BORDERPRECISION":1,"PARTOF":"Georgia"},"geometry":{"type":"MultiPolygon","coordinates":[[[[41.48396,41.43654],[41.52111,41.46584],[41.66611,41.72915],[41.68047,41.79334],[41.65184,42.12064],[41.50272,42.60848],[41.40974,42.78824],[41.12255,43.01909],[43.54586,42.83471],[45.25984,42.43852],[44.45403,42.03174],[41.48396,41.43654]]]]}},{"type":"Feature","properties":{"NAME":"Principality of Wallachia","ABBREVN":"Principality of Wallachia","SUBJECTO":"Principality of Wallachia","BORDERPRECISION":1,"PARTOF":"Principality of Wallachia"},"geometry":{"type":"MultiPolygon","coordinates":[[[[26.98655,46.10646],[28.00438,45.28067],[27.82358,44.83822],[28.0848,44.577],[27.95419,44.25048],[26.45217,44.25048],[25.4726,43.72804],[24.62363,43.98926],[24.2318,43.79335],[23.51345,44.05457],[22.9257,43.79335],[22.9257,44.18518],[22.46857,44.38109],[22.66448,44.64231],[23.05631,45.03414],[26.51748,45.8178],[26.98655,46.10646]]]]}},{"type":"Feature","properties":{"NAME":"Scotland","ABBREVN":"Scotland","SUBJECTO":"Scotland","BORDERPRECISION":1,"PARTOF":"Scotland"},"geometry":{"type":"MultiPolygon","coordinates":[[[[-3.15253,54.83806],[-3.3087,54.88473],[-3.57668,54.92448],[-3.90768,54.78967],[-4.12161,54.76244],[-4.4607,54.8624],[-4.50027,54.77511],[-4.59991,54.68776],[-4.90252,54.73412],[-5.11142,54.79407],[-5.06665,54.94847],[-4.90999,55.11034],[-4.63836,55.42791],[-4.77052,55.48842],[-4.90776,55.66387],[-4.8951,55.77211],[-4.75843,55.81971],[-4.62329,55.90796],[-4.71072,56.13131],[-4.84837,56.09716],[-5.13463,55.89343],[-5.33355,55.87952],[-5.57017,55.75052],[-5.63306,55.93986],[-5.49702,56.17727],[-5.30011,56.42866],[-5.2707,56.54415],[-5.45825,56.63214],[-5.54658,56.65235],[-5.6445,56.51628],[-5.82168,56.4005],[-6.04355,56.47477],[-5.90896,56.73326],[-5.66593,56.93784],[-5.62529,56.99921],[-5.72634,57.25801],[-5.5616,57.29926],[-5.46064,57.38815],[-5.76297,57.61978],[-5.56846,57.77739],[-5.22997,57.70964],[-5.05559,57.75102],[-5.34593,58.09274],[-4.90713,58.16896],[-5.11271,58.39492],[-4.92556,58.56696],[-4.50985,58.40293],[-4.13889,58.44482],[-3.83055,58.50719],[-3.44054,58.52855],[-3.16501,58.5222],[-3.02839,58.40575],[-3.16637,58.27511],[-3.9432,57.95842],[-4.15046,57.83482],[-4.2485,57.63633],[-4.14843,57.55453],[-3.79582,57.54153],[-3.40082,57.57645],[-3.09264,57.57703],[-2.85398,57.54332],[-2.15036,57.57198],[-1.94463,57.40166],[-2.10781,57.21033],[-2.20316,57.06481],[-2.15895,57.01432],[-2.41314,56.71725],[-2.51475,56.66734],[-2.66714,56.471],[-2.98053,56.35358],[-3.15241,56.33682],[-2.94943,56.25301],[-2.72086,56.17819],[-2.77286,56.17131],[-2.89534,56.0855],[-3.16981,56.06211],[-3.29351,55.97391],[-3.89496,55.98507],[-3.71304,55.8847],[-3.57718,55.8847],[-3.35585,55.84269],[-3.16146,55.84568],[-2.9279,55.94603],[-2.74213,55.95719],[-2.54035,55.8847],[-2.24501,55.81097],[-3.15253,54.83806]]],[[[-5.69817,55.33073],[-5.75568,55.47727],[-5.68866,55.62812],[-5.51784,55.66802],[-5.4824,55.4427],[-5.62034,55.32952],[-5.69817,55.33073]]]]}},{"type":"Feature","properties":{"NAME":"English territory","ABBREVN":"English territory","SUBJECTO":"English territory","BORDERPRECISION":1,"PARTOF":"England"},"geometry":{"type":"MultiPolygon","coordinates":[[[[-0.40991,42.78557],[-0.46884,42.75139],[-0.58679,42.76506],[-0.61198,42.73088],[-0.84002,42.90865],[-0.90735,42.8813],[-1.39727,43.03176],[-1.44755,42.98388],[-1.51513,42.99756],[-1.55767,43.04543],[-1.46565,43.15489],[-1.49138,43.20962],[-1.70239,43.19594],[-1.91458,43.30542],[-1.74607,43.36016],[-1.56141,43.52443],[-1.31438,44.55896],[-1.13585,44.6001],[-1.23032,44.73041],[-1.33178,44.61383],[-1.27551,45.12873],[-1.17519,45.5005],[-1.12344,45.43162],[-0.90036,45.29391],[-0.81423,45.12184],[-0.72849,45.01864],[-0.8547,45.32145],[-1.13839,45.58316],[-1.2474,45.68815],[-1.23651,45.80004],[-1.0752,46.01462],[-1.16598,46.18368],[-1.25606,46.30683],[-0.71895,46.03286],[0.13104,46.03286],[0.36286,46.30331],[1.29012,46.30331],[1.63785,46.03286],[1.63785,45.80104],[-0.40991,42.78557]]],[[[-0.20366,53.52328],[0.08102,53.38623],[0.17452,53.29306],[0.26785,53.12666],[0.25087,53.04005],[0.0055,52.78667],[0.32683,52.70748],[0.50467,52.84751],[0.74184,52.9012],[1.01266,52.88842],[1.37593,52.80924],[1.58571,52.65004],[1.69169,52.31142],[1.65687,52.21178],[1.51189,52.02576],[1.03129,51.81272],[0.68622,51.56039],[0.25417,51.4536],[0.80425,51.37827],[1.03007,51.35885],[1.18937,51.40547],[1.36468,51.3529],[1.33496,51.1207],[0.88602,50.98189],[0.88835,50.89267],[0.67257,50.93067],[0.19181,50.73128],[-0.20366,50.79533],[-0.33571,50.81671],[-0.83904,50.7218],[-1.10336,50.81671],[-1.37251,50.76627],[-2.08536,50.70282],[-2.02369,50.57001],[-2.43199,50.64589],[-2.55051,50.57001],[-2.96062,50.7218],[-3.11088,50.65736],[-3.52147,50.61743],[-3.56318,50.36143],[-3.71504,50.21934],[-3.88174,50.2004],[-4.00424,50.31406],[-4.24263,50.39146],[-4.3033,50.32354],[-4.54057,50.35795],[-4.96703,50.21225],[-5.28234,49.96382],[-5.42922,50.06785],[-5.77781,50.13412],[-5.23777,50.34629],[-5.01665,50.56052],[-4.81527,50.60417],[-4.60456,50.77875],[-4.55154,50.99716],[-4.44256,50.96866],[-4.27728,51.06367],[-4.28099,51.18724],[-3.82523,51.23478],[-3.483,51.18111],[-3.06604,51.17774],[-3.03315,51.32989],[-2.89466,51.39385],[-2.75015,51.64403],[-3.17275,51.46691],[-3.49912,51.45966],[-4.15933,51.67681],[-4.99896,51.7017],[-5.1786,51.78747],[-5.24876,51.86021],[-5.06146,52.00643],[-4.61908,52.09352],[-4.29466,52.20032],[-4.12361,52.37326],[-4.09387,52.74551],[-4.14755,52.8319],[-4.46832,52.8113],[-4.62135,52.83098],[-4.49188,52.99098],[-4.31754,53.09121],[-3.95672,53.20515],[-3.32954,53.23302],[-2.91448,53.26714],[-3.05674,53.51361],[-2.97954,53.82085],[-2.86532,54.02827],[-2.88594,54.16867],[-3.26147,54.14118],[-3.47927,54.2746],[-3.56923,54.41503],[-3.43041,54.64308],[-3.15253,54.83806],[-2.24501,55.81097],[-1.942,55.55607],[-1.71901,55.45374],[-1.66598,55.37959],[-1.69599,55.2725],[-1.55562,54.92161],[-1.38889,54.68048],[-1.19206,54.59536],[-0.8706,54.54717],[-0.6048,54.30016],[-0.2955,54.03317],[-0.23488,53.79938],[-0.31922,53.57891],[-0.20366,53.52328]]],[[[-6.20639,53.95675],[-6.34315,53.93964],[-6.4434,53.89938],[-6.33498,53.78598],[-6.17221,53.4392],[-6.04306,52.89309],[-6.07068,52.7666],[-6.23211,52.61333],[-6.3409,52.42706],[-6.40597,52.21444],[-6.48915,52.19436],[-6.61682,52.22066],[-6.8939,52.20665],[-6.96168,52.1112],[-7.37241,52.09211],[-7.75065,52.03271],[-7.86165,51.96809],[-8.15881,51.83964],[-8.56523,51.61545],[-8.84776,51.59982],[-9.24331,51.47263],[-9.81911,51.43455],[-9.79524,51.60463],[-9.83542,51.80326],[-10.21691,51.75835],[-10.29403,51.97763],[-9.96377,52.09211],[-10.49733,52.10165],[-10.46924,52.20665],[-9.89064,52.19443],[-9.80161,52.24108],[-9.784,52.34071],[-9.73572,52.48028],[-9.50399,52.54055],[-9.19263,52.55446],[-9.13429,52.6809],[-9.61569,52.63663],[-9.44156,52.83328],[-9.52576,52.90456],[-9.30935,53.11527],[-8.997,53.12044],[-8.92358,53.16058],[-9.00167,53.30038],[-9.15816,53.2207],[-9.29736,53.2798],[-9.44067,53.26621],[-9.6167,53.34588],[-9.80292,53.34535],[-9.88481,53.2974],[-10.15983,53.37412],[-10.02107,53.51186],[-10.15143,53.57564],[-9.8096,53.63242],[-9.87239,53.76772],[-9.69648,53.87342],[-9.91285,53.96956],[-10.17854,53.91187],[-10.15968,54.13307],[-9.98879,54.25372],[-9.89197,54.32558],[-9.47429,54.24131],[-9.32291,54.27507],[-9.08584,54.25819],[-8.59008,54.20285],[-8.68673,54.36411],[-8.30058,54.48935],[-8.21148,54.63392],[-8.82936,54.63392],[-8.76004,54.70143],[-8.50374,54.74964],[-8.47625,54.87985],[-8.34538,55.09528],[-8.11832,55.17663],[-7.75623,55.25273],[-7.65728,55.11683],[-7.49783,55.04974],[-7.42752,55.0638],[-7.22549,55.10419],[-6.99682,55.17202],[-6.6452,55.20643],[-6.45431,55.18655],[-6.27926,55.13969],[-6.11652,55.16022],[-6.01819,55.093],[-5.78489,54.73742],[-5.76368,54.65699],[-5.79993,54.52289],[-5.66151,54.32225],[-5.73139,54.17487],[-5.91215,54.02738],[-6.07171,53.97359],[-6.20639,53.95675]]]]}},{"type":"Feature","properties":{"NAME":"Holy Roman Empire","ABBREVN":"Holy Roman E","SUBJECTO":"Holy Roman Empire","BORDERPRECISION":1,"PARTOF":"Holy Roman Empire"},"geometry":{"type":"MultiPolygon","coordinates":[[[[14.06995,53.91777],[14.17417,53.90676],[14.20541,53.81321],[14.14543,53.82645],[14.06835,53.84347],[14.02872,53.86548],[13.82777,53.82972],[13.7774,53.94862],[13.77841,54.04441],[14.06995,53.91777]]],[[[14.47294,53.87678],[14.45907,53.81871],[14.33386,53.82972],[14.2479,53.81596],[14.22724,53.90951],[14.30526,53.91502],[14.42484,53.91502],[14.47294,53.87678]]],[[[8.51624,53.76104],[8.53954,53.80068],[8.5856,53.79308],[8.84848,53.74968],[9.12504,53.79048],[8.8571,53.86699],[8.81897,53.96904],[8.94634,54.01497],[8.83265,54.06602],[8.77879,54.1324],[8.8533,54.16816],[8.88401,54.22945],[8.96168,54.27591],[9.05618,54.3486],[9.13613,54.29772],[9.16521,54.31952],[9.21609,54.29045],[9.2597,54.30498],[9.29604,54.24683],[9.44141,54.24683],[9.44868,54.18869],[9.67401,54.18869],[9.73943,54.27591],[9.82665,54.27591],[9.8848,54.2541],[10.14173,54.33675],[10.21288,54.37192],[10.34024,54.36232],[10.44597,54.29203],[10.64859,54.25898],[11.03861,54.31325],[11.07301,54.21963],[11.04137,54.1527],[11.01589,54.09666],[10.71672,53.96393],[10.77092,53.93087],[10.85892,53.87719],[10.88371,53.88238],[10.89351,53.88443],[10.9604,53.89843],[11.15138,53.93842],[11.20249,53.85678],[11.40782,53.85929],[11.56502,54.03538],[12.04107,54.09666],[12.31188,54.20194],[12.46254,54.25479],[12.65252,54.32143],[12.7648,54.27033],[12.94314,54.34698],[13.02581,54.26522],[13.06377,54.19369],[13.34917,54.06349],[13.43102,54.03025],[13.66761,54.08417],[13.73778,54.03029],[13.76433,53.87719],[13.7805,53.77518],[13.85017,53.72929],[14.00974,53.67321],[14.17686,53.68341],[14.18958,53.62479],[14.28019,53.61342],[14.43316,53.59421],[14.53706,53.53817],[14.4953,53.62479],[14.5653,53.6936],[14.55694,53.75988],[14.48252,53.81853],[14.47294,53.87678],[14.46741,53.91035],[14.58024,53.92902],[14.88576,53.97956],[15.07968,54.00252],[15.31169,54.071],[15.89836,54.1284],[16.11468,54.19961],[16.47325,54.41503],[16.9759,54.54931],[17.65761,54.68546],[17.74676,54.43251],[17.11141,54.12996],[16.99039,54.19047],[16.68784,54.03919],[16.80886,53.85766],[16.80886,53.46435],[16.65758,53.85766],[16.20376,53.70639],[16.41554,53.52486],[16.20376,53.34333],[16.05312,52.71645],[15.84391,52.71029],[15.81599,52.57074],[15.76017,52.57074],[15.76453,52.26547],[16.0951,52.12417],[16.50591,52.00381],[16.50591,52.17825],[16.85479,51.91659],[16.85479,51.65493],[17.20367,51.61132],[17.29089,51.78576],[17.55255,51.65493],[17.63977,51.43688],[18.14006,50.98766],[18.64604,50.64451],[18.74563,50.26604],[18.76907,50.17699],[18.79632,49.71345],[18.89645,49.71273],[18.92671,49.62196],[18.52218,49.56107],[18.25037,49.18055],[18.22319,48.99028],[18.11447,48.99028],[18.11447,48.85438],[17.86985,48.80002],[17.35342,48.9631],[17.19034,48.44668],[17.21752,48.06615],[17.46214,48.06615],[17.40778,47.82153],[16.79622,47.84327],[16.62227,47.73455],[16.55704,47.49537],[16.64402,47.29967],[16.55704,47.19095],[16.55704,47.06048],[16.44832,46.93001],[16.44832,46.7778],[16.51355,46.62559],[16.29611,46.40815],[16.53529,46.36466],[16.44832,46.10373],[16.20913,46.14722],[16.07866,45.88629],[16.20913,45.73408],[16.12215,45.58187],[15.46982,45.73408],[15.42362,45.42966],[14.88001,45.48402],[14.79847,45.86455],[14.52667,45.783],[14.35449,45.32289],[14.23862,45.06235],[14.17461,45.01039],[13.90806,44.97911],[13.79921,45.30563],[13.95159,45.3927],[13.99513,45.45801],[13.79998,45.56637],[13.67318,45.71451],[13.56461,45.72652],[13.43773,45.63843],[13.3677,45.69449],[13.08086,45.98045],[12.64549,45.91514],[12.14482,45.76277],[11.97067,45.43624],[12.17619,45.21429],[12.31251,45.17829],[12.32214,45.04237],[12.40899,44.98901],[12.52309,44.88275],[12.47604,44.78709],[12.37777,44.73153],[12.27358,44.67264],[12.28073,44.55012],[12.34508,44.30104],[12.50812,44.13146],[12.69723,43.93476],[12.30221,43.34402],[12.30221,43.2776],[12.21919,43.22779],[12.15277,43.06175],[12.16937,42.91231],[12.18598,42.91231],[12.15277,42.69645],[12.16937,42.63004],[12.12972,42.59605],[12.05314,42.53041],[12.06975,42.29795],[12.00333,42.24814],[12.01993,42.0987],[11.96013,42.00737],[11.49737,42.37635],[11.10476,42.54908],[10.74276,42.85051],[10.48775,43.23594],[10.33791,43.5962],[10.29248,43.70544],[10.26138,43.74524],[10.15524,43.8811],[10.13675,43.90477],[9.9093,44.11048],[9.8255,44.15255],[9.69194,44.2196],[9.15704,44.37324],[8.89659,44.43719],[8.67172,44.4174],[8.18636,44.1264],[8.08957,44.05083],[7.97953,43.96492],[7.68912,43.88705],[7.55281,43.86745],[7.46753,43.81083],[7.39712,43.76409],[7.35515,43.90151],[6.92279,43.81504],[6.88573,43.90151],[6.95985,43.91386],[6.92279,43.97563],[6.99691,44.04975],[6.9722,44.0621],[6.93514,44.13622],[6.88573,44.14857],[6.83632,44.11151],[6.78691,44.19799],[6.78691,44.29681],[6.86978,44.34917],[6.78292,44.54787],[6.92469,44.71502],[7.00347,44.71954],[6.9426,44.86865],[6.66532,44.95452],[6.50732,45.11571],[6.28043,45.19859],[6.24337,45.29742],[6.26807,45.32212],[6.21866,45.34683],[6.14454,45.32212],[6.08278,45.37154],[6.03336,45.33448],[6.05807,45.2233],[5.94689,45.26036],[5.93454,45.32212],[5.82336,45.39624],[5.60708,45.84658],[5.35667,45.87604],[5.35667,46.0528],[5.53343,46.00861],[5.53343,46.097],[5.26828,46.31795],[5.41559,46.52418],[5.64572,46.45672],[5.72493,46.47999],[5.73966,46.59783],[5.62554,46.64908],[5.64644,46.84981],[5.75702,46.88667],[5.79387,46.99724],[5.66729,47.10832],[5.73687,47.23356],[5.77862,47.35881],[5.79254,47.51189],[5.91778,47.59539],[5.82037,47.73455],[5.95953,47.80413],[5.95953,47.98505],[6.05695,47.95721],[6.09869,48.0268],[6.25177,47.95721],[6.23786,48.29121],[5.94562,48.34687],[6.0152,48.65303],[5.83428,48.77828],[6.00128,48.90352],[5.87603,49.07052],[5.72295,48.95919],[5.61162,49.20968],[5.90387,49.19577],[5.90926,49.20086],[5.36113,49.69676],[4.25522,49.88724],[3.82033,50.03945],[3.48268,49.92046],[2.90727,49.94348],[2.67711,50.15062],[2.40091,50.19666],[2.14774,50.05856],[1.98662,50.08157],[1.98662,50.21967],[1.82551,50.24269],[1.79618,50.92141],[1.82356,50.93456],[2.03033,51.00666],[2.4426,51.04803],[2.52213,51.09112],[2.99526,51.31348],[3.21361,51.35357],[3.47202,51.31439],[3.6813,51.32142],[3.77505,51.38774],[3.74348,51.46045],[3.52032,51.57914],[3.87814,51.79173],[4.26441,52.07089],[4.38724,52.23037],[4.64101,52.7557],[4.71877,52.80242],[5.0084,52.85619],[5.17329,52.74342],[5.23463,52.62285],[5.10824,52.5315],[5.00609,52.55688],[5.03574,52.33372],[4.94983,52.27795],[5.47319,52.1766],[5.57437,52.28302],[5.75691,52.33372],[5.81714,52.52136],[5.61125,52.5315],[5.55571,52.58732],[5.54689,52.6787],[5.65344,52.74978],[5.57638,52.75993],[5.32575,52.79041],[5.35802,52.93775],[5.34275,52.99631],[5.33212,53.01145],[5.38952,53.13857],[5.64735,53.22776],[5.96631,53.33501],[6.26072,53.32174],[6.75072,53.38986],[6.86105,53.26576],[7.00906,53.24541],[7.04328,53.164],[7.15994,53.164],[7.18975,53.23014],[6.98071,53.31666],[7.03733,53.51015],[7.16564,53.59167],[7.33239,53.60443],[7.83638,53.63209],[7.87503,53.63369],[7.96854,53.63753],[8.01102,53.56569],[8.09873,53.44393],[8.02908,53.37265],[8.17499,53.32174],[8.24193,53.35229],[8.26077,53.43885],[8.189,53.53052],[8.30565,53.52543],[8.5018,53.44903],[8.42866,53.61205],[8.51624,53.76104]]]]}},{"type":"Feature","properties":{"NAME":"Bulgar Khanate","ABBREVN":"Bulgar Khan.","SUBJECTO":"Ottoman Empire","BORDERPRECISION":1,"PARTOF":"Ottoman Empire"},"geometry":{"type":"MultiPolygon","coordinates":[[[[28.02754,43.37608],[27.80768,43.41604],[26.90408,43.36914],[23.87055,43.2047],[21.68151,43.7133],[21.68491,43.72804],[20.99418,44.70008],[21.35838,44.77292],[22.07674,44.44639],[22.33796,44.77292],[22.66448,44.64231],[22.46857,44.38109],[22.9257,44.18518],[22.9257,43.79335],[23.51345,44.05457],[24.2318,43.79335],[24.62363,43.98926],[25.4726,43.72804],[26.45217,44.25048],[27.95419,44.25048],[28.0848,44.577],[27.82358,44.83822],[28.00438,45.28067],[28.01861,45.31548],[28.36835,45.33088],[28.40216,45.35939],[29.06437,45.16475],[29.71076,45.25833],[29.57896,45.0575],[29.45752,44.91515],[29.26158,44.89542],[29.08975,44.87573],[28.91824,44.76575],[28.68625,44.48805],[28.57311,44.19782],[28.52989,43.84347],[28.51011,43.74308],[28.48054,43.59228],[28.44569,43.47636],[28.3281,43.43753],[28.18706,43.45012],[28.03464,43.3919],[28.02754,43.37608]]]]}},{"type":"Feature","properties":{"NAME":"Beylik of Aydin","ABBREVN":"Beylik of Aydin","SUBJECTO":"Beylik of Aydin","BORDERPRECISION":1,"PARTOF":"Beylik of Aydin"},"geometry":{"type":"MultiPolygon","coordinates":[[[[30.69717,36.77253],[30.59359,36.76173],[30.54007,36.64696],[30.49665,36.37298],[30.47283,36.18825],[30.39486,36.11805],[30.27989,36.11781],[30.16613,36.18762],[29.66196,36.07835],[29.47193,36.09069],[29.29819,36.17312],[29.00225,36.6948],[28.81353,36.53516],[28.46985,36.73831],[28.26692,36.71241],[28.01419,36.52716],[27.9119,36.69894],[27.94186,36.75634],[28.05104,36.83302],[27.99881,36.90937],[27.55348,36.91483],[27.30811,36.92071],[27.26863,37.04168],[27.52564,37.13141],[27.49252,37.23967],[27.36463,37.32863],[27.16041,37.36008],[27.12256,37.49385],[27.14109,37.64687],[27.17978,37.77443],[27.13977,37.88909],[26.96138,37.94611],[26.67933,38.10494],[26.51232,38.06635],[26.39321,38.10436],[26.3916,38.21913],[26.46871,38.44476],[26.52741,38.41824],[26.74245,38.27839],[26.99743,38.40006],[26.94079,38.44059],[30.65956,38.71312],[30.5906,37.78215],[30.52765,37.73906],[30.69717,36.77253]]]]}},{"type":"Feature","properties":{"NAME":"Seljuk Caliphate","ABBREVN":"Seljuk Turks","SUBJECTO":"Seljuk Caliphate","BORDERPRECISION":1,"PARTOF":"Seljuk Caliphate"},"geometry":{"type":"MultiPolygon","coordinates":[[[[33.93704,40.63968],[34.49186,40.9171],[34.66291,41.87558],[35.00187,42.04316],[35.09883,41.80586],[35.28607,41.67148],[35.41144,41.62682],[35.67786,41.62093],[35.95779,41.68565],[36.16137,41.3525],[36.3829,41.23752],[36.64125,41.31498],[36.81701,41.28968],[37.25283,41.02772],[37.76614,40.29011],[38.81112,40.15077],[40.20443,40.35977],[40.76176,40.56877],[41.48396,41.43654],[41.21175,40.24379],[39.14792,38.62221],[38.60969,38.36804],[36.49442,37.36917],[36.78926,37.00063],[35.89088,36.77111],[35.67174,36.60578],[35.56761,36.58742],[35.50617,36.55856],[35.5476,36.54018],[35.49459,36.4431],[35.41708,36.43261],[35.3887,36.45359],[35.35418,36.41424],[35.22053,36.388],[35.07137,36.48771],[34.86991,36.57692],[34.66238,36.64777],[34.48513,36.62678],[34.10322,36.38032],[33.95171,36.25158],[33.95405,36.15976],[33.89098,36.13877],[33.83588,36.1073],[33.8337,36.07057],[33.75318,36.14664],[33.4817,36.05428],[33.4316,36.04082],[33.17134,35.97088],[32.90412,35.9767],[32.64034,36.008],[32.33498,36.12837],[32.20178,36.24173],[33.77726,39.18588],[33.93704,40.63968]]]]}},{"type":"Feature","properties":{"NAME":"Ottoman Empire","ABBREVN":"Ottoman Empire","SUBJECTO":"Ottoman Empire","BORDERPRECISION":1,"PARTOF":"Ottoman Empire"},"geometry":{"type":"MultiPolygon","coordinates":[[[[23.63403,40.74966],[23.16533,40.76269],[22.86356,40.62416],[22.85195,40.65134],[22.76997,40.66717],[22.70125,40.57745],[22.49207,40.49829],[22.60227,40.39724],[22.59116,40.38081],[20.72463,40.95743],[21.55571,42.85891],[21.48899,42.87908],[21.68151,43.7133],[23.87055,43.2047],[26.90408,43.36914],[27.80768,43.41604],[28.02754,43.37608],[27.88732,43.06353],[27.86991,42.79988],[27.83616,42.73552],[27.65404,42.68374],[27.50195,42.51635],[27.4947,42.4009],[27.60787,42.41678],[27.72253,42.31622],[27.73771,42.247],[27.91341,42.0781],[27.91795,41.97767],[28.0262,41.88238],[28.01818,41.75321],[28.06984,41.62497],[28.1044,41.59297],[28.37146,41.43313],[28.74022,41.32483],[29.01237,41.25483],[29.0811,41.20051],[28.96445,40.98924],[28.82781,40.9147],[28.59615,40.94699],[28.17331,41.0579],[28.02637,41.02621],[27.93218,40.95755],[27.47417,40.96283],[27.31305,40.78991],[27.26376,40.66717],[26.88893,40.52468],[26.61357,40.39804],[26.51394,40.28197],[26.37586,40.21341],[26.25516,40.08156],[26.14089,40.04465],[26.21429,40.16067],[26.2228,40.22396],[26.19482,40.30307],[26.45755,40.43497],[26.55648,40.49829],[26.45484,40.58431],[26.41806,40.57782],[26.12404,40.60285],[26.02072,40.66932],[25.99288,40.85246],[25.63571,40.87738],[25.30111,40.89594],[25.04632,40.95227],[25.01893,41.01715],[24.81212,40.93342],[24.70066,40.87834],[24.51913,40.87307],[24.50495,40.98407],[24.3543,40.97096],[24.21906,40.82968],[24.02516,40.74636],[23.88595,40.73289],[23.74839,40.80443],[23.6347,40.77275],[23.63403,40.74966]]]]}},{"type":"Feature","properties":{"NAME":"Ottoman Empire","ABBREVN":"Ottoman Empire","SUBJECTO":"Ottoman Empire","BORDERPRECISION":1,"PARTOF":"Ottoman Empire"},"geometry":{"type":"MultiPolygon","coordinates":[[[[26.81967,38.52725],[26.82882,38.58296],[26.6957,38.64077],[26.70947,38.69857],[26.96638,38.76993],[27.03491,38.8211],[27.00422,38.88483],[26.9368,38.92456],[26.78534,38.94033],[26.78985,39.02443],[26.87075,39.05597],[26.79714,39.12956],[26.70794,39.18213],[26.70405,39.25047],[26.60224,39.25573],[26.72016,39.33725],[26.85351,39.46077],[26.92615,39.47655],[26.95752,39.54833],[26.80427,39.56715],[26.54618,39.51335],[26.13898,39.43974],[26.06406,39.45551],[26.08489,39.60401],[26.1419,39.66058],[26.14071,39.74998],[26.12758,39.87856],[26.18601,39.9972],[26.32033,39.99192],[26.40305,40.17649],[26.48171,40.18704],[26.76528,40.37694],[26.99647,40.37166],[27.05612,40.42969],[27.27175,40.45081],[27.32923,40.35583],[27.44961,40.30979],[27.52599,40.29714],[27.76389,40.28725],[27.83016,40.34528],[27.79984,40.40332],[27.67929,40.46135],[27.80783,40.50357],[27.95381,40.48774],[28.00646,40.45081],[27.90822,40.35056],[28.00399,40.36213],[28.47772,40.3951],[28.75644,40.37645],[28.92676,40.35583],[29.05242,40.33473],[29.12229,40.41387],[29.08353,40.45608],[28.87322,40.47191],[28.77796,40.52468],[28.90162,40.62011],[29.5252,40.68829],[29.71315,40.69356],[29.88272,40.74636],[29.68345,40.75164],[29.41717,40.74107],[29.32036,40.74107],[29.28964,40.80669],[29.01453,40.97867],[29.16121,41.21637],[29.57778,41.15337],[30.13762,41.13184],[30.25609,41.18467],[30.74481,41.04032],[31.21768,41.05409],[31.40413,41.16354],[31.38567,41.28504],[31.66639,41.39481],[31.87129,41.49144],[32.41898,41.74917],[32.68791,41.84597],[33.15546,41.94961],[33.55554,41.9825],[33.89666,41.95108],[34.3039,41.89412],[34.66291,41.87558],[34.49186,40.9171],[33.93704,40.63968],[33.77726,39.18588],[32.20178,36.24173],[31.90201,36.49686],[31.37069,36.71234],[30.90531,36.79422],[30.69717,36.77253],[30.52765,37.73906],[30.5906,37.78215],[30.65956,38.71312],[26.94079,38.44059],[26.81967,38.52725]]]]}},{"type":"Feature","properties":{"NAME":"Byzantine Empire","ABBREVN":"Byzantine E.","SUBJECTO":"Byzantine Empire","BORDERPRECISION":1,"PARTOF":"Byzantine Empire"},"geometry":{"type":"MultiPolygon","coordinates":[[[[25.87278,36.35593],[25.76635,36.33756],[25.71314,36.34981],[25.73594,36.38654],[25.78916,36.40489],[25.87278,36.35593]]],[[[25.49267,36.42325],[25.49267,36.33144],[25.38624,36.31919],[25.31782,36.39877],[25.33302,36.45994],[25.37104,36.49662],[25.49267,36.42325]]],[[[25.9488,36.91107],[26.02483,36.95969],[26.08564,36.89892],[25.95641,36.84418],[25.83477,36.78332],[25.75115,36.78332],[25.75115,36.81376],[25.85758,36.8381],[25.9488,36.91107]]],[[[24.58801,36.86851],[24.67923,36.75896],[24.46637,36.64925],[24.29912,36.75287],[24.42836,36.7955],[24.58801,36.86851]]],[[[24.87689,36.67974],[24.97572,36.63705],[24.94531,36.56992],[24.82368,36.63705],[24.82368,36.66145],[24.87689,36.67974]]],[[[25.19618,36.67364],[25.10496,36.63705],[25.05934,36.61875],[25.04414,36.66145],[25.16578,36.74069],[25.19618,36.67364]]],[[[25.29501,36.80767],[25.43185,36.69803],[25.38624,36.63705],[25.2646,36.70413],[25.2418,36.75287],[25.2494,36.75896],[25.29501,36.80767]]],[[[24.44356,37.09927],[24.42836,37.20834],[24.53479,37.11746],[24.44356,37.09927]]],[[[24.38275,37.57075],[24.26111,37.54061],[24.29912,37.66108],[24.39795,37.66709],[24.38275,37.57075]]],[[[24.35994,37.30515],[24.35994,37.3958],[24.39795,37.46824],[24.48918,37.3958],[24.35994,37.30515]]],[[[25.04414,37.37768],[24.84648,37.3656],[24.86169,37.52856],[24.94531,37.51047],[25.04414,37.37768]]],[[[25.27221,37.56472],[25.46986,37.43807],[25.31782,37.40184],[24.9225,37.69116],[24.65643,37.90141],[24.76286,38.00332],[25.27221,37.56472]]],[[[24.78566,36.94754],[24.67923,36.905],[24.64882,37.01434],[24.71724,37.05075],[24.78566,36.94754]]],[[[25.31022,37.0022],[25.11256,36.94146],[24.93771,36.95969],[25.15057,37.172],[25.31022,37.19623],[25.31022,37.0022]]],[[[25.6067,37.12352],[25.5991,37.02648],[25.54589,36.95969],[25.45466,36.92323],[25.36343,37.00827],[25.34063,37.08715],[25.37864,37.11746],[25.53828,37.22045],[25.6067,37.12352]]],[[[23.24241,39.04412],[23.40966,38.94367],[23.78977,38.71863],[24.13187,38.65336],[24.2079,38.55236],[24.29152,38.19476],[24.58801,38.15293],[24.52719,37.96737],[24.31433,37.98535],[24.19269,38.15293],[24.02544,38.3857],[23.66053,38.40357],[23.59972,38.45717],[23.63773,38.52263],[23.46288,38.62367],[23.12078,38.86677],[22.8699,38.83716],[23.01435,38.96141],[23.24241,39.04412]]],[[[22.59116,40.38081],[22.48962,40.23053],[22.46736,40.11848],[22.52561,40.06417],[22.55513,39.98665],[22.6951,39.83448],[22.75447,39.81835],[22.81343,39.60274],[23.07417,39.41345],[23.23608,39.20316],[23.1585,39.14008],[23.05192,39.10329],[23.09981,39.18739],[23.04525,39.2715],[22.9813,39.32933],[22.91899,39.3451],[22.85085,39.36613],[22.72026,39.28727],[22.76606,39.20279],[22.83488,39.16636],[22.87106,39.02435],[22.78421,38.94033],[22.4905,38.87685],[22.60231,38.85624],[22.72329,38.79317],[22.89937,38.76689],[22.98423,38.66704],[23.0998,38.6723],[23.16949,38.66704],[23.191,38.61034],[23.35616,38.4895],[23.49384,38.48313],[23.55577,38.35176],[23.68275,38.34651],[23.80395,38.34651],[23.96074,38.20991],[23.96699,38.15213],[23.88002,38.11536],[23.9873,37.76343],[23.91818,37.68464],[23.83551,37.68464],[23.73368,37.85786],[23.63415,37.87898],[23.54072,38.0041],[23.4957,38.06808],[23.41926,38.06808],[23.19584,38.00504],[22.98061,37.95777],[22.89806,37.89999],[23.03997,37.85797],[23.04539,37.77358],[23.04887,37.64263],[23.15138,37.59012],[23.22055,37.60183],[23.32171,37.63738],[23.31216,37.54811],[23.41812,37.46934],[23.18498,37.42733],[23.18579,37.37483],[23.10956,37.34664],[22.97098,37.38532],[23.02535,37.47984],[22.94207,37.51839],[22.71329,37.54343],[22.64232,37.58487],[22.63875,37.49229],[22.72624,37.28851],[22.81335,37.21205],[22.79311,37.13856],[22.88689,37.04668],[22.98255,36.61475],[22.67355,36.75428],[22.52445,36.72213],[22.3903,36.52437],[22.19141,36.85524],[21.98417,37.02048],[21.78092,36.82254],[21.58817,36.98144],[21.53144,37.11515],[21.6265,37.30652],[21.61371,37.41485],[21.51731,37.53576],[21.29635,37.72654],[21.22113,37.8284],[21.22843,37.90491],[21.44045,38.17952],[21.7145,38.13544],[21.90577,38.26974],[21.99669,38.25078],[22.74721,37.95261],[22.89866,37.99755],[23.11635,38.15739],[22.99674,38.17934],[22.87564,38.2046],[22.33374,38.42671],[21.82647,38.46396],[21.66126,38.43811],[21.36446,38.41201],[21.1724,38.34784],[20.77183,38.85093],[20.8926,38.89583],[21.00651,38.87054],[21.10469,38.92178],[21.15952,39.00483],[21.00718,39.11299],[20.90115,39.06173],[20.67775,39.08042],[20.21181,39.40493],[20.12238,39.55101],[20.09083,39.60253],[20.02856,39.81378],[19.80365,40.01696],[19.36907,40.26028],[19.38023,40.32358],[19.48371,40.29589],[19.49448,40.40272],[19.33922,40.58874],[19.52726,40.86589],[19.4454,40.9649],[19.52995,41.21844],[19.41699,41.34525],[19.49892,41.52362],[19.61938,41.5593],[19.60697,41.76154],[20.70533,42.81377],[21.48899,42.87908],[21.55571,42.85891],[20.72463,40.95743],[22.59116,40.38081]]],[[[23.63403,40.74966],[23.63298,40.71317],[23.70906,40.63004],[23.78517,40.47719],[23.9237,40.45081],[24.29535,40.17649],[24.22064,40.14485],[24.05478,40.26088],[24.04778,40.30836],[23.92353,40.34528],[23.77477,40.39276],[23.72217,40.34824],[23.62723,40.34528],[23.6588,40.28726],[23.65175,40.22923],[23.80366,40.15539],[23.86866,40.16067],[23.92011,40.0552],[23.90662,39.9972],[23.79603,39.98665],[23.59577,40.19232],[23.44249,40.25561],[23.34908,40.28198],[23.29176,40.28726],[23.29314,40.24506],[23.25906,40.22923],[23.32103,40.15539],[23.36684,40.10793],[23.43647,40.04465],[23.52335,40.01829],[23.59219,40.00246],[23.63859,39.96034],[23.59689,39.93405],[23.37439,39.95509],[23.26053,39.97087],[23.27631,40.04992],[23.21478,40.18177],[23.14114,40.26615],[22.96016,40.31471],[22.74806,40.48247],[22.8639,40.53523],[22.87546,40.59632],[22.86356,40.62416],[23.16533,40.76269],[23.63403,40.74966]]],[[[24.69347,34.94047],[24.71564,35.03477],[24.69007,35.09244],[24.32436,35.20779],[24.0132,35.21041],[23.78559,35.26285],[23.56772,35.25498],[23.51313,35.27596],[23.46689,35.31791],[23.52944,35.56963],[23.67147,35.57225],[23.66909,35.61158],[23.66513,35.66666],[23.69666,35.69812],[23.73368,35.62732],[23.74288,35.56176],[23.87945,35.55242],[23.95681,35.52767],[24.039,35.56176],[24.03326,35.59847],[24.08186,35.61158],[24.15268,35.56438],[24.13582,35.52243],[24.09146,35.5198],[24.07332,35.4962],[24.1132,35.48572],[24.17774,35.46999],[24.2197,35.449],[24.2296,35.39132],[24.38828,35.37297],[24.76857,35.42803],[24.99748,35.42102],[25.0136,35.36248],[25.10009,35.34675],[25.37402,35.31791],[25.51164,35.29477],[25.67321,35.34937],[25.71353,35.32701],[25.66847,35.18682],[25.7418,35.137],[25.78897,35.137],[25.93549,35.21304],[26.06415,35.23925],[26.09935,35.21565],[26.16883,35.24711],[26.27351,35.31266],[26.23604,35.22876],[26.24267,35.14487],[26.16049,35.02428],[25.89868,35.04526],[25.74174,35.00885],[25.59072,35.01642],[24.69347,34.94047]]],[[[27.78139,35.89027],[27.76861,35.89361],[27.73306,35.91111],[27.73027,35.91333],[27.72861,35.91666],[27.72222,35.92972],[27.71917,35.94083],[27.72139,35.94944],[27.73083,35.97888],[27.74083,36.10444],[27.71972,36.1661],[27.78888,36.25166],[27.80306,36.26833],[27.80583,36.27055],[27.87611,36.31971],[27.89583,36.33222],[27.90916,36.33972],[28.06833,36.405],[28.10749,36.41861],[28.20722,36.44249],[28.21083,36.45249],[28.21277,36.45554],[28.21583,36.45776],[28.21917,36.45694],[28.22583,36.45305],[28.23389,36.44138],[28.23805,36.43111],[28.20694,36.3436],[28.18694,36.29999],[28.14139,36.21054],[28.12277,36.18582],[28.06361,36.11193],[28.00916,36.06889],[27.95666,36.04499],[27.94583,36.03471],[27.93166,36.0186],[27.90611,35.98805],[27.89889,35.97555],[27.89278,35.96083],[27.86556,35.93222],[27.84278,35.91361],[27.83944,35.91166],[27.79972,35.89333],[27.78666,35.89055],[27.78139,35.89027]]],[[[26.96972,36.92443],[26.94638,36.92806],[26.93556,36.93221],[26.91917,36.94666],[26.88194,37.06889],[26.88666,37.07332],[26.89083,37.07638],[26.96055,37.05611],[26.98583,37.04417],[27.04833,36.99361],[27.04999,36.99056],[27.04999,36.94916],[27.04944,36.94611],[27.04583,36.94415],[26.97555,36.92443],[26.96972,36.92443]]],[[[26.97139,36.67221],[26.96666,36.67249],[26.95305,36.67528],[26.94638,36.67915],[26.92305,36.7061],[26.92083,36.70888],[26.91861,36.7161],[26.91777,36.75527],[26.92194,36.7611],[27.06083,36.83721],[27.06416,36.83888],[27.15249,36.88139],[27.16805,36.88721],[27.1775,36.88888],[27.28444,36.90055],[27.34055,36.88528],[27.34666,36.8811],[27.35278,36.87221],[27.35555,36.86527],[27.35527,36.85889],[27.34417,36.84944],[27.32944,36.84277],[27.3025,36.83749],[27.27944,36.83416],[27.24333,36.82693],[27.21833,36.81971],[27.03611,36.76611],[27.02805,36.76361],[26.99222,36.75139],[26.98055,36.74694],[26.97416,36.74278],[26.97194,36.74027],[26.97055,36.73638],[26.96639,36.70361],[26.96583,36.68166],[26.97139,36.67221]]],[[[26.88666,37.09666],[26.86389,37.09528],[26.85389,37.09666],[26.84944,37.09777],[26.82055,37.11055],[26.76944,37.16943],[26.76833,37.17332],[26.76916,37.17638],[26.77805,37.18778],[26.78083,37.19],[26.78555,37.19082],[26.82055,37.18722],[26.855,37.18277],[26.85833,37.18111],[26.86055,37.17722],[26.8725,37.15055],[26.88888,37.10915],[26.88972,37.10166],[26.88916,37.09861],[26.88666,37.09666]]]]}},{"type":"Feature","properties":{"NAME":"Britany","ABBREVN":"Britany","SUBJECTO":"Britany","BORDERPRECISION":1,"PARTOF":"Britany"},"geometry":{"type":"MultiPolygon","coordinates":[[[[-1.99911,48.67696],[-1.75197,48.17821],[-2.01036,47.74565],[-2.57553,47.32397],[-2.57648,47.32487],[-2.46554,47.49438],[-2.61365,47.57225],[-2.84247,47.4919],[-3.0627,47.60394],[-3.43353,47.71681],[-3.71187,47.79815],[-3.8581,47.79181],[-3.95484,47.90434],[-4.36437,47.82931],[-4.39094,47.94185],[-4.51013,47.99813],[-4.6754,48.01689],[-4.70031,48.0638],[-4.31287,48.10133],[-4.35098,48.20457],[-4.58797,48.25149],[-4.3889,48.29844],[-4.3502,48.39051],[-4.47379,48.38294],[-4.59202,48.39232],[-4.77963,48.35477],[-4.76196,48.552],[-4.6257,48.54667],[-4.4883,48.61227],[-4.25148,48.65191],[-3.99887,48.73054],[-3.90222,48.64596],[-3.82131,48.72115],[-3.60787,48.69295],[-3.55767,48.81008],[-3.43506,48.83646],[-3.09123,48.87155],[-2.91446,48.70679],[-2.79054,48.58958],[-2.63638,48.552],[-2.34289,48.67415],[-2.20007,48.59898],[-2.07597,48.65616],[-1.99911,48.67696]]]]}},{"type":"Feature","properties":{"NAME":"Poland-Lithuania","ABBREVN":"Poland-Lithuania","SUBJECTO":"Poland-Lithuania","BORDERPRECISION":1,"PARTOF":"Riazan"},"geometry":{"type":"MultiPolygon","coordinates":[[[[38.14176,49.60549],[37.03158,49.7361],[34.6806,48.56061],[29.84803,49.27896],[29.4562,48.36469],[29.1212,48.20262],[27.42832,47.38362],[27.17053,47.97286],[24.29711,48.75652],[21.77068,49.59171],[21.77068,49.74298],[21.76806,49.74368],[21.31685,49.864],[21.2866,49.77324],[21.13532,49.83375],[20.98405,49.74298],[20.89328,49.83375],[20.80252,49.83375],[20.89328,49.74298],[20.6815,49.65222],[20.53022,49.80349],[20.34869,49.74298],[20.01589,49.80349],[19.89487,49.47069],[19.71334,49.5312],[19.56206,49.5312],[19.56206,49.71273],[19.38053,49.80349],[19.13849,49.71273],[19.10824,49.59171],[18.92671,49.62196],[18.89645,49.71273],[18.79632,49.71345],[18.76907,50.17699],[18.74563,50.26604],[18.64604,50.64451],[18.14006,50.98766],[17.63977,51.43688],[17.55255,51.65493],[17.29089,51.78576],[17.20367,51.61132],[16.85479,51.65493],[16.85479,51.91659],[16.50591,52.17825],[16.50591,52.00381],[16.0951,52.12417],[15.76453,52.26547],[15.76017,52.57074],[15.81599,52.57074],[15.84391,52.71029],[16.05312,52.71645],[16.20376,53.34333],[16.41554,53.52486],[16.20376,53.70639],[16.65758,53.85766],[16.80886,53.46435],[16.80886,53.85766],[16.68784,54.03919],[16.99039,54.19047],[17.11141,54.12996],[17.74676,54.43251],[17.65761,54.68546],[18.27945,54.72412],[18.75953,54.53641],[18.36292,54.66889],[18.3385,54.60265],[18.45381,54.52538],[18.51316,54.31578],[18.67308,54.25514],[18.68493,54.25402],[18.28168,53.35711],[18.58967,53.10045],[18.949,53.25444],[19.20566,53.25444],[19.56498,53.45977],[20.0783,53.6651],[20.0783,53.5111],[20.3863,53.5111],[20.42825,53.77815],[20.7094,53.75807],[20.80981,53.63757],[21.10495,53.8191],[21.46427,53.8191],[22.23425,54.12709],[22.18292,54.53775],[22.08026,54.58908],[22.13159,54.79441],[21.92626,54.9484],[22.02893,55.2564],[21.6696,55.51306],[21.31028,55.51306],[21.1418,56.1273],[21.9045,56.35004],[22.74543,56.35004],[24.71496,56.34042],[25.3074,56.48854],[26.24543,55.89609],[27.37053,55.71934],[27.65084,56.27996],[27.6059,56.70689],[27.82271,56.72547],[28.01741,56.56692],[28.09257,56.7924],[28.81268,56.8835],[29.05953,56.53791],[29.94819,56.53791],[30.68874,55.89609],[30.81592,56.15044],[38.18091,49.9969],[38.14176,49.60549]]]]}},{"type":"Feature","properties":{"NAME":"Moldova","ABBREVN":"Moldova","SUBJECTO":"Moldova","BORDERPRECISION":1,"PARTOF":"Mongol Empire"},"geometry":{"type":"MultiPolygon","coordinates":[[[[29.1212,48.20262],[30.38004,46.13015],[30.06882,45.8614],[29.72975,45.76999],[29.62951,45.75036],[29.50043,45.52337],[29.53609,45.4522],[29.61592,45.41021],[29.68321,45.37479],[29.71076,45.25833],[29.06437,45.16475],[28.40216,45.35939],[28.36835,45.33088],[28.01861,45.31548],[28.00438,45.28067],[26.98655,46.10646],[27.36644,46.34024],[27.62766,46.92798],[27.42832,47.38362],[29.1212,48.20262]]]]}},{"type":"Feature","properties":{"NAME":"Kalmar Union","ABBREVN":"Kalmar Union","SUBJECTO":"Kalmar Union","BORDERPRECISION":1,"PARTOF":"Kalmar Union"},"geometry":{"type":"MultiPolygon","coordinates":[[[[20.212,60.06],[20.227,60.003],[20.226,60],[20.211,59.98],[20.203,59.977],[20.137,59.992],[20.129,59.995],[20.004,60.051],[19.999,60.055],[20.003,60.062],[20.008,60.067],[20.094,60.093],[20.103,60.096],[20.109,60.092],[20.11,60.088],[20.123,60.081],[20.164,60.069],[20.193,60.065],[20.205,60.064],[20.212,60.06]]],[[[19.602,60.256],[19.612,60.253],[19.627,60.244],[19.666,60.193],[19.669,60.189],[19.674,60.173],[19.677,60.157],[19.673,60.15],[19.604,60.153],[19.575,60.122],[19.563,60.123],[19.551,60.125],[19.543,60.128],[19.523,60.151],[19.511,60.175],[19.512,60.181],[19.536,60.225],[19.541,60.23],[19.565,60.249],[19.572,60.252],[19.58,60.255],[19.589,60.257],[19.602,60.256]]],[[[20.025,60.311],[19.914,60.217],[19.914,60.212],[19.927,60.193],[19.931,60.188],[19.937,60.184],[19.946,60.181],[19.987,60.17],[20.026,60.154],[20.051,60.101],[20.053,60.096],[20.051,60.09],[20.044,60.086],[20.022,60.086],[19.999,60.089],[19.968,60.09],[19.958,60.089],[19.951,60.085],[19.948,60.079],[19.944,60.043],[19.939,60.059],[19.928,60.084],[19.925,60.089],[19.918,60.093],[19.908,60.095],[19.895,60.097],[19.875,60.095],[19.869,60.091],[19.87,60.086],[19.873,60.081],[19.868,60.077],[19.859,60.076],[19.848,60.076],[19.772,60.081],[19.751,60.095],[19.722,60.126],[19.699,60.159],[19.696,60.164],[19.648,60.257],[19.649,60.262],[19.749,60.305],[19.783,60.293],[19.777,60.261],[19.768,60.249],[19.762,60.244],[19.761,60.238],[19.793,60.191],[19.796,60.187],[19.809,60.185],[19.817,60.188],[19.931,60.277],[19.935,60.283],[19.937,60.289],[19.937,60.295],[19.931,60.304],[19.899,60.34],[19.892,60.343],[19.883,60.342],[19.878,60.336],[19.874,60.329],[19.872,60.323],[19.868,60.317],[19.862,60.312],[19.839,60.32],[19.834,60.322],[19.78,60.349],[19.783,60.354],[19.808,60.377],[19.825,60.392],[19.857,60.404],[19.869,60.404],[19.906,60.4],[20.085,60.35],[20.277,60.274],[20.218,60.208],[20.172,60.164],[20.162,60.162],[20.092,60.17],[20.086,60.174],[20.082,60.179],[20.101,60.216],[20.106,60.221],[20.123,60.226],[20.12,60.24],[20.067,60.296],[20.062,60.301],[20.047,60.308],[20.037,60.311],[20.025,60.311]]],[[[20.397,60.195],[20.387,60.193],[20.345,60.231],[20.342,60.235],[20.341,60.241],[20.343,60.247],[20.348,60.252],[20.366,60.266],[20.376,60.267],[20.394,60.267],[20.436,60.258],[20.441,60.253],[20.442,60.248],[20.441,60.243],[20.409,60.204],[20.397,60.195]]],[[[-9.043,70.804],[-9.059,70.804],[-9.071,70.807],[-9.076,70.809],[-9.12,70.858],[-9.12,70.863],[-9.114,70.867],[-9.106,70.872],[-8.934,70.923],[-8.921,70.926],[-8.888,70.932],[-8.764,70.951],[-8.581,70.992],[-8.511,71.013],[-8.499,71.022],[-8.452,71.058],[-8.443,71.072],[-8.434,71.082],[-8.382,71.121],[-8.356,71.133],[-8.344,71.137],[-8.326,71.141],[-8.129,71.171],[-8.109,71.173],[-7.997,71.181],[-7.984,71.179],[-7.971,71.176],[-7.96,71.172],[-7.95,71.168],[-7.932,71.157],[-7.927,71.151],[-7.928,71.146],[-7.982,71.048],[-7.985,71.043],[-7.991,71.038],[-8.008,71.03],[-8.119,71.004],[-8.291,70.974],[-8.394,70.959],[-8.409,70.96],[-8.419,70.965],[-8.432,70.968],[-8.46,70.971],[-8.495,70.969],[-8.566,70.964],[-8.62,70.959],[-8.632,70.956],[-8.938,70.84],[-8.949,70.831],[-8.955,70.822],[-8.989,70.811],[-9.006,70.808],[-9.043,70.804]]],[[[20.271,60.057],[20.263,60.054],[20.205,60.081],[20.2,60.086],[20.199,60.091],[20.205,60.109],[20.216,60.139],[20.223,60.142],[20.269,60.141],[20.276,60.137],[20.287,60.129],[20.292,60.125],[20.295,60.121],[20.298,60.11],[20.298,60.104],[20.271,60.057]]],[[[12.089,54.794],[12.078,54.789],[12.072,54.786],[12.055,54.775],[11.981,54.71],[11.97,54.699],[11.963,54.685],[11.961,54.676],[11.959,54.663],[11.96,54.648],[11.963,54.63],[11.968,54.609],[11.974,54.587],[11.979,54.576],[11.98,54.57],[11.979,54.567],[11.969,54.562],[11.964,54.562],[11.945,54.567],[11.929,54.573],[11.923,54.576],[11.872,54.651],[11.871,54.667],[11.878,54.688],[11.892,54.701],[11.899,54.719],[11.856,54.774],[11.802,54.839],[11.793,54.845],[11.782,54.849],[11.756,54.855],[11.752,54.859],[11.709,54.937],[11.713,54.942],[11.732,54.954],[11.742,54.959],[11.751,54.961],[11.767,54.962],[11.847,54.956],[11.851,54.955],[11.865,54.948],[11.997,54.904],[12.02,54.896],[12.038,54.892],[12.061,54.891],[12.079,54.894],[12.085,54.894],[12.096,54.892],[12.104,54.89],[12.111,54.887],[12.119,54.882],[12.137,54.869],[12.168,54.842],[12.169,54.839],[12.169,54.836],[12.167,54.834],[12.158,54.829],[12.12,54.806],[12.107,54.8],[12.089,54.794]]],[[[11.844,54.669],[11.834,54.661],[11.785,54.64],[11.776,54.641],[11.736,54.645],[11.723,54.651],[11.694,54.656],[11.641,54.662],[11.588,54.664],[11.579,54.663],[11.522,54.642],[11.473,54.623],[11.466,54.62],[11.461,54.619],[11.456,54.619],[11.451,54.621],[11.377,54.647],[11.35,54.659],[11.315,54.676],[11.278,54.7],[11.262,54.707],[11.246,54.712],[11.191,54.726],[11.144,54.737],[11.126,54.74],[11.099,54.742],[11.032,54.756],[11.026,54.759],[11.02,54.763],[10.995,54.783],[10.991,54.787],[10.99,54.791],[11.025,54.814],[11.014,54.89],[11.014,54.896],[11.027,54.91],[11.032,54.915],[11.042,54.923],[11.058,54.935],[11.071,54.941],[11.119,54.951],[11.136,54.954],[11.164,54.957],[11.193,54.957],[11.24,54.957],[11.276,54.95],[11.288,54.943],[11.331,54.919],[11.336,54.916],[11.34,54.911],[11.347,54.896],[11.351,54.892],[11.361,54.884],[11.393,54.868],[11.409,54.862],[11.514,54.83],[11.564,54.822],[11.643,54.878],[11.642,54.901],[11.642,54.904],[11.644,54.906],[11.649,54.907],[11.657,54.904],[11.709,54.875],[11.735,54.855],[11.845,54.77],[11.849,54.766],[11.862,54.746],[11.862,54.743],[11.858,54.689],[11.856,54.683],[11.844,54.669]]],[[[10.616,55.061],[10.599,55.058],[10.584,55.053],[10.529,55.029],[10.519,55.029],[10.498,55.029],[10.153,55.084],[10.135,55.117],[10.151,55.122],[10.154,55.127],[10.153,55.133],[10.15,55.137],[10.119,55.179],[10.108,55.186],[10.099,55.188],[10.006,55.193],[9.897,55.28],[9.897,55.286],[9.888,55.337],[9.887,55.342],[9.811,55.437],[9.768,55.467],[9.729,55.474],[9.70448,55.48347],[9.63018,55.45941],[9.54387,55.35126],[9.51656,55.22307],[9.51782,55.12868],[9.42102,54.97648],[9.49598,54.93829],[9.61026,54.88004],[9.86444,54.72629],[9.98669,54.59244],[9.97801,54.49015],[9.86481,54.4114],[10.06493,54.43389],[10.14173,54.33675],[9.8848,54.2541],[9.82665,54.27591],[9.73943,54.27591],[9.67401,54.18869],[9.44868,54.18869],[9.44141,54.24683],[9.29604,54.24683],[9.2597,54.30498],[9.21609,54.29045],[9.16521,54.31952],[9.13613,54.29772],[9.05618,54.3486],[8.96168,54.27591],[8.88401,54.22945],[8.58073,54.19369],[8.55395,54.27544],[8.85242,54.33165],[8.9506,54.41856],[8.74207,54.6078],[8.59599,54.76135],[8.6161,54.88736],[8.64507,55.06905],[8.55956,55.35612],[8.48134,55.34924],[8.31897,55.48107],[8.21404,55.3986],[8.03457,55.47591],[8.12507,55.63583],[8.32003,55.76773],[8.31697,55.84891],[8.11661,56.09226],[8.12448,56.20748],[8.18343,56.43146],[8.30883,56.47921],[8.45224,56.4116],[8.67489,56.35775],[8.86858,56.61611],[9.0027,56.65716],[9.13585,56.46042],[9.31187,56.48112],[9.32206,56.71894],[9.37015,56.88227],[9.83462,56.88994],[10.21619,56.84985],[10.22968,56.60513],[10.31376,56.46947],[10.82582,56.44329],[10.88868,56.36875],[10.75067,56.09728],[10.49609,56.03363],[10.44248,56.1509],[10.29345,56.13707],[10.17516,56.07587],[10.22988,55.95089],[10.14715,55.76489],[10.00712,55.73039],[9.97575,55.62035],[9.69007,55.60487],[9.73832,55.53443],[9.749,55.54],[9.813,55.547],[9.824,55.547],[9.832,55.545],[9.835,55.54],[9.835,55.527],[9.838,55.522],[9.843,55.519],[9.856,55.512],[9.865,55.51],[9.883,55.506],[9.895,55.506],[9.905,55.506],[9.922,55.51],[9.936,55.515],[10,55.541],[10.074,55.557],[10.125,55.568],[10.149,55.574],[10.165,55.579],[10.178,55.584],[10.213,55.599],[10.29,55.615],[10.299,55.617],[10.31,55.617],[10.327,55.612],[10.399,55.589],[10.406,55.586],[10.485,55.532],[10.474,55.515],[10.452,55.482],[10.445,55.479],[10.428,55.468],[10.422,55.464],[10.416,55.453],[10.418,55.447],[10.42,55.442],[10.426,55.439],[10.437,55.438],[10.469,55.437],[10.479,55.438],[10.6,55.483],[10.606,55.486],[10.609,55.492],[10.614,55.519],[10.617,55.564],[10.613,55.592],[10.607,55.602],[10.603,55.607],[10.611,55.617],[10.614,55.619],[10.619,55.619],[10.627,55.617],[10.634,55.61],[10.658,55.59],[10.662,55.585],[10.744,55.497],[10.747,55.491],[10.745,55.482],[10.791,55.363],[10.828,55.307],[10.835,55.294],[10.834,55.29],[10.816,55.205],[10.812,55.186],[10.786,55.128],[10.783,55.122],[10.779,55.118],[10.74,55.067],[10.733,55.064],[10.726,55.062],[10.666,55.061],[10.627,55.061],[10.616,55.061]]],[[[14.806,55.276],[14.813,55.269],[14.82,55.261],[14.825,55.257],[14.839,55.251],[14.887,55.229],[14.997,55.187],[15.065,55.162],[15.074,55.16],[15.091,55.155],[15.123,55.149],[15.134,55.144],[15.141,55.139],[15.149,55.129],[15.15,55.089],[15.148,55.082],[15.107,55.026],[15.103,55.021],[15.077,55.001],[15.061,54.996],[15.052,54.995],[15.043,54.995],[14.942,55.013],[14.882,55.029],[14.747,55.065],[14.729,55.073],[14.68,55.1],[14.678,55.102],[14.699,55.215],[14.744,55.292],[14.746,55.296],[14.76,55.304],[14.764,55.306],[14.77,55.306],[14.799,55.282],[14.806,55.276]]],[[[16.576,56.361],[16.572,56.355],[16.553,56.326],[16.496,56.241],[16.486,56.231],[16.474,56.224],[16.437,56.211],[16.43,56.209],[16.421,56.211],[16.416,56.215],[16.411,56.225],[16.403,56.274],[16.392,56.465],[16.393,56.529],[16.396,56.536],[16.42,56.586],[16.543,56.776],[16.612,56.868],[16.617,56.874],[16.629,56.879],[16.645,56.884],[16.749,56.94],[16.848,57.064],[16.9,57.135],[16.959,57.224],[16.963,57.229],[16.966,57.242],[16.96,57.257],[16.959,57.274],[16.961,57.28],[16.966,57.294],[16.973,57.305],[16.983,57.316],[16.993,57.325],[17.01,57.337],[17.022,57.345],[17.036,57.352],[17.057,57.359],[17.099,57.351],[17.106,57.348],[17.124,57.321],[17.051,57.187],[17.009,57.132],[16.961,57.075],[16.927,57.038],[16.88,56.93],[16.848,56.844],[16.841,56.832],[16.837,56.827],[16.828,56.825],[16.817,56.826],[16.808,56.824],[16.785,56.81],[16.779,56.806],[16.77,56.796],[16.727,56.702],[16.636,56.519],[16.577,56.407],[16.571,56.394],[16.569,56.388],[16.57,56.377],[16.572,56.372],[16.575,56.367],[16.576,56.361]]],[[[9.3462,58.84531],[9.37162,58.78615],[9.14589,58.65607],[8.92173,58.53789],[8.17524,58.17205],[8.15375,58.08955],[8.0302,58.06598],[7.90843,58.06598],[6.95864,57.97174],[6.87418,58.07775],[6.72566,58.13669],[6.64366,58.04241],[6.47912,58.08955],[6.65171,58.17205],[6.23133,58.27818],[5.87384,58.4316],[5.61548,58.45522],[5.39974,58.71518],[5.531,58.88081],[5.47465,58.97553],[5.62749,58.96368],[5.66579,58.82165],[5.79366,58.91632],[6.09355,58.79798],[5.98371,58.88672],[6.04116,58.95184],[6.26615,58.99329],[6.05055,58.98144],[5.9404,58.93408],[5.8223,59.01698],[5.77186,59.07622],[6.03258,59.20067],[6.23753,59.28369],[6.0203,59.25404],[5.8775,59.31335],[6.07625,59.42017],[6.11343,59.52705],[5.81591,59.31335],[5.7995,59.43204],[5.68047,59.50923],[5.68291,59.41423],[5.71715,59.33707],[5.52852,59.2659],[5.34384,59.2659],[5.35033,59.39049],[5.28259,59.27183],[5.17665,59.30741],[5.0866,59.50923],[5.38263,59.71127],[5.41856,59.51517],[5.44931,59.65776],[5.64617,59.58645],[5.74112,59.62804],[5.66655,59.6756],[5.9699,59.71127],[6.18539,59.82426],[5.9105,59.75289],[5.69405,59.75289],[5.54334,59.82426],[5.63173,59.88377],[5.80576,59.94925],[5.89406,60.16126],[5.52462,60.16753],[5.27905,60.12534],[5.09623,60.26413],[5.26178,60.32713],[5.55114,60.50889],[5.45583,60.59241],[5.25523,60.56414],[5.07547,60.59169],[4.98038,60.68924],[5.10853,60.90611],[5.38705,61.02558],[5.11961,61.1371],[5.01831,61.30514],[5.14095,61.38956],[5.10115,61.69859],[5.14898,61.74088],[5.41603,61.76954],[5.59242,61.7897],[5.79709,61.76991],[5.8339,61.81941],[5.71947,61.87955],[5.52818,61.93255],[5.42569,62.00926],[5.46967,62.0937],[5.56459,62.1503],[5.82363,62.17902],[6.05349,62.3348],[6.30839,62.28583],[6.53251,62.3357],[6.61296,62.58334],[6.98868,62.54157],[7.28926,62.48556],[7.54674,62.59925],[7.10156,62.70464],[6.98186,62.84614],[7.08818,62.9102],[7.60649,62.90406],[7.98916,62.94027],[8.23129,62.84141],[8.25797,63.05432],[8.47229,63.17552],[8.6059,63.3251],[8.9572,63.40404],[9.15422,63.31902],[9.21607,63.28356],[9.4409,63.49752],[9.83211,63.68362],[9.87006,63.87643],[10.06616,64.05551],[10.73985,64.38617],[10.8906,64.47251],[10.99662,64.49424],[11.2135,64.41574],[11.36406,64.41602],[11.50772,64.51672],[11.40654,64.61704],[11.46994,64.67464],[11.68973,64.77565],[11.89557,64.91273],[12.11214,65.12992],[12.22221,65.10115],[12.52645,65.10895],[12.49617,65.38447],[12.28409,65.43489],[12.47922,65.61703],[12.70906,65.90888],[13.08739,65.88041],[13.1088,66.03374],[13.15191,66.13613],[13.58101,66.18811],[13.4028,66.34882],[13.2554,66.39254],[13.16865,66.45834],[13.24208,66.56853],[13.38319,66.67895],[13.59203,66.65732],[13.99165,66.68746],[13.74719,66.9224],[13.85907,66.95945],[14.05474,66.97456],[14.37308,67.0931],[14.63927,67.12311],[14.77766,67.21653],[14.61647,67.24527],[14.56921,67.32934],[14.69915,67.37439],[14.97616,67.52294],[15.22666,67.50856],[15.3845,67.46444],[15.57994,67.58332],[15.74567,67.59729],[15.76182,67.67629],[15.57224,67.8207],[15.85421,67.92524],[15.91974,68.04897],[16.07106,68.04467],[16.23273,67.91109],[16.41161,67.87425],[16.64855,68.04575],[16.5219,68.3409],[16.71914,68.31136],[17.03327,68.33763],[17.12642,68.41608],[16.85476,68.55778],[17.03973,68.65853],[17.40691,68.77154],[17.44891,68.887],[17.56586,68.97437],[17.89471,69.03508],[17.92815,69.00508],[18.05155,69.02786],[18.09735,69.058],[18.31905,69.35938],[18.55324,69.24688],[18.98485,69.31544],[19.17016,69.25553],[19.28917,69.21059],[19.57998,69.18106],[19.82121,69.36973],[18.95871,68.2937],[18.40022,67.23493],[18.53403,66.43208],[17.32975,64.82638],[17.73118,64.55876],[17.2609,64.20605],[20.87327,64.03282],[20.86648,64.02562],[20.70066,63.81813],[19.98489,63.51727],[19.67028,63.38854],[19.46501,63.4807],[19.31822,63.44483],[19.07593,63.2025],[18.78499,63.13801],[18.48662,62.98124],[18.38895,62.85337],[18.30319,62.78942],[17.96744,62.77462],[17.86817,62.78862],[17.93626,62.548],[17.71811,62.35673],[17.29024,62.44072],[17.38736,62.20077],[17.49677,62.0881],[17.38697,61.65844],[17.16264,61.62991],[17.06518,61.53838],[17.15019,61.19771],[17.14621,60.95283],[17.31763,60.75307],[17.1885,60.67429],[17.60496,60.63754],[17.70646,60.55358],[17.93075,60.59031],[18.22439,60.32297],[18.41687,60.18162],[18.80409,60.1084],[18.89307,59.92569],[19.03732,59.86324],[19.04355,59.71242],[18.86789,59.71242],[18.63925,59.56693],[18.25142,59.43194],[18.03008,59.35928],[17.79528,59.36447],[17.72995,59.41636],[17.36798,59.46827],[17.0706,59.54615],[16.78554,59.57732],[16.72409,59.53057],[16.52321,59.58252],[16.40758,59.4475],[16.77647,59.47866],[16.99984,59.35928],[17.26578,59.33853],[17.35812,59.24518],[17.57492,59.21407],[17.58441,59.27111],[17.86173,59.23999],[17.97764,59.32815],[18.11138,59.32297],[18.32817,59.36967],[18.42956,59.33335],[18.44137,59.40079],[18.51547,59.40079],[18.61133,59.33335],[18.5982,59.29704],[18.27337,59.28667],[18.37196,59.15707],[18.01567,59.03791],[17.94014,58.90849],[17.76647,58.87227],[17.72642,58.91366],[17.7452,58.98613],[17.73911,59.11042],[17.62318,59.10007],[17.58219,58.89297],[17.35668,58.74297],[17.24539,58.71712],[17.083,58.74813],[17.08073,58.64993],[16.44287,58.63442],[16.51319,58.42812],[16.74404,58.31195],[16.77355,58.0379],[16.72459,57.88932],[16.59776,57.86645],[16.45953,57.89521],[16.47653,57.70213],[16.60721,57.66581],[16.55048,57.54515],[16.65868,57.44295],[16.49416,57.27892],[16.39452,57.0743],[16.37617,56.82242],[16.06315,56.39624],[16.03145,56.35307],[15.77054,56.03321],[15.69623,56.06096],[15.49704,56.16724],[15.2208,56.08036],[14.65289,56.12062],[14.60523,55.98078],[14.49183,56.01804],[14.25893,55.89928],[14.12602,55.66658],[14.28635,55.51549],[14.1172,55.34711],[13.90111,55.40515],[13.8233,55.42182],[13.30185,55.3007],[12.80237,55.35291],[12.80192,55.41677],[12.88756,55.45161],[12.85931,55.53292],[12.98587,55.66658],[12.69901,55.9051],[12.51336,56.12062],[12.41441,56.24304],[12.65238,56.29553],[12.61544,56.43561],[12.80481,56.4012],[12.87158,56.51152],[12.78586,56.61668],[12.65748,56.61084],[12.52603,56.7804],[12.28862,56.87986],[12.00514,57.32521],[11.87662,57.32521],[11.88111,57.50896],[11.76608,57.67268],[11.73638,57.69821],[11.60984,57.80695],[11.70914,58.02474],[11.80189,58.17794],[11.61386,58.24735],[11.43109,58.20153],[11.40671,58.33127],[11.22136,58.30832],[11.14039,58.85122],[11.03924,58.9104],[11.17885,59.07029],[11.11205,59.16511],[10.82919,59.10584],[10.76894,59.11769],[10.65681,59.2244],[10.54927,59.37863],[10.63356,59.44985],[10.56974,59.5805],[10.40706,59.49735],[10.37863,59.36675],[10.42959,59.25997],[10.36334,59.21254],[10.21107,59.07029],[10.17234,58.98737],[9.93762,58.94],[9.69758,58.99922],[9.3462,58.84531]]],[[[-21.77907,66.25373],[-21.44325,66.12992],[-21.24249,65.88182],[-21.29617,65.69941],[-21.49472,65.56797],[-21.07972,65.20545],[-20.83062,65.3656],[-20.67248,65.42405],[-20.38893,65.47545],[-20.16845,65.5559],[-20.14128,65.65057],[-20.21739,66.0006],[-19.97331,66.11073],[-19.74766,65.90653],[-19.55601,65.76826],[-19.336,65.67393],[-19.23918,65.66684],[-19.15589,65.72528],[-19.27453,65.9293],[-19.16544,66.00257],[-19.04412,66.01741],[-18.6763,66.0912],[-18.36903,65.8945],[-18.12793,65.78553],[-17.88377,65.75682],[-17.86104,65.83709],[-18.02248,66.07779],[-17.56967,66.01287],[-16.92214,65.97755],[-16.56799,66.02935],[-16.37569,66.13209],[-16.38522,66.45442],[-15.85989,66.41872],[-15.57399,66.20677],[-15.07075,66.06139],[-14.76334,66.05466],[-14.64068,65.94529],[-14.75407,65.69707],[-14.40011,65.56669],[-13.6469,65.49534],[-13.58979,65.43004],[-13.52557,65.18335],[-13.55737,65.00939],[-13.62584,64.89389],[-13.69419,64.77863],[-13.89342,64.72071],[-14.26032,64.71283],[-14.34812,64.66954],[-14.3659,64.47556],[-14.59754,64.26713],[-14.8212,64.19503],[-15.07681,64.2089],[-15.26654,64.28021],[-15.63414,64.05748],[-15.8765,63.99266],[-16.53384,63.78413],[-16.91754,63.73341],[-17.24438,63.73283],[-17.59146,63.68934],[-17.9441,63.42484],[-18.15692,63.36746],[-18.64186,63.32382],[-18.96079,63.33746],[-19.55309,63.41468],[-19.82675,63.4783],[-20.40395,63.69834],[-20.87988,63.74029],[-21.07912,63.71134],[-21.54751,63.71762],[-22.37291,63.77319],[-22.50659,63.86582],[-22.31134,63.95198],[-21.80411,64.11036],[-21.48847,64.37614],[-21.85671,64.38262],[-22.08618,64.43959],[-22.27861,64.6188],[-22.39242,64.6617],[-22.55359,64.62545],[-23.25753,64.57384],[-23.50831,64.55902],[-23.67458,64.65931],[-23.61117,64.7457],[-23.43667,64.80359],[-23.13565,64.84734],[-22.77842,64.8552],[-22.45029,64.90623],[-21.97829,64.95034],[-21.80916,65.03736],[-21.72895,65.18245],[-21.79376,65.29845],[-21.9548,65.37805],[-22.14649,65.38492],[-22.36159,65.44995],[-22.81372,65.4709],[-23.18324,65.42659],[-23.37423,65.35359],[-23.67845,65.3167],[-24.14689,65.43932],[-24.21885,65.53374],[-24.16154,65.60662],[-23.97264,65.68711],[-23.57052,65.68057],[-23.26697,65.72486],[-23.42614,65.82667],[-23.60829,65.97963],[-23.46557,66.13343],[-23.3411,66.13366],[-22.91092,65.94441],[-22.6093,65.92308],[-22.47414,65.99638],[-22.56006,66.11319],[-22.84109,66.28104],[-22.67637,66.39131],[-22.20982,66.28955],[-21.77907,66.25373]]],[[[-64.79951,79.6784],[-64.67546,79.9039],[-64.62318,79.94921],[-65.02372,80.05177],[-65.89964,80.06921],[-66.41941,79.98193],[-66.85122,80.03851],[-67.41029,80.21074],[-67.1428,80.56214],[-66.52168,80.71128],[-65.24134,80.87277],[-64.60833,80.97395],[-63.72541,81.08618],[-62.77485,81.15875],[-62.25127,81.11947],[-61.70533,81.15087],[-61.11181,81.18245],[-60.95673,81.26373],[-60.95171,81.36545],[-61.11219,81.70417],[-61.12241,81.79757],[-60.88732,81.86061],[-60.03867,81.88332],[-59.35192,81.79097],[-58.38867,81.60662],[-57.80527,81.50505],[-57.4442,81.42388],[-57.07404,81.54768],[-57.81964,81.78383],[-58.13328,82.01318],[-58.0578,82.03437],[-57.06814,82.08921],[-56.54334,82.14315],[-55.70923,82.24037],[-54.5752,82.32806],[-54.2467,82.29678],[-53.76793,82.24458],[-53.66355,81.46256],[-53.2527,81.53523],[-53.01039,81.68004],[-52.81596,82.13006],[-52.36427,82.12047],[-51.46234,81.97499],[-50.62613,81.78882],[-49.93803,81.67624],[-49.84602,81.8113],[-50.13585,81.94644],[-50.50305,82.188],[-50.90543,82.36811],[-50.77244,82.49712],[-50.43855,82.48709],[-49.64759,82.47806],[-49.13649,82.38263],[-47.89702,82.21481],[-47.31917,82.08914],[-46.37026,81.94403],[-45.52522,81.82054],[-44.68298,81.72887],[-44.3228,81.82313],[-43.95536,82.4905],[-44.10205,82.57641],[-44.68353,82.72696],[-45.21286,82.96671],[-44.89414,83.07787],[-43.81247,83.0803],[-42.47936,83.22789],[-41.8811,83.26276],[-41.19401,83.18617],[-40.19462,82.96682],[-39.48936,82.89145],[-38.58717,82.82772],[-38.45208,83.17001],[-38.5872,83.38235],[-37.39665,83.47525],[-36.48712,83.51128],[-35.32197,83.46865],[-34.42694,83.40297],[-33.5784,83.48394],[-32.51317,83.577],[-31.59369,83.57907],[-30.75719,83.47898],[-29.93602,83.50347],[-29.34404,83.47089],[-29.06532,83.42636],[-28.81772,83.47206],[-27.94194,83.40635],[-27.17375,83.38556],[-26.42075,83.34231],[-25.32359,82.99988],[-24.70792,82.89127],[-24.10259,82.92551],[-23.5996,82.84991],[-22.43236,82.74334],[-22.23187,82.55961],[-22.36884,82.50545],[-22.59,82.41913],[-23.34741,82.35327],[-24.38367,82.29774],[-24.90226,82.24345],[-25.4572,82.221],[-26.11838,82.25144],[-27.39237,82.28057],[-28.39144,82.31036],[-29.01637,82.23453],[-29.74276,82.22236],[-30.61268,82.20987],[-31.13468,82.19813],[-31.8031,82.12262],[-32.00285,82.06948],[-32.59805,81.97361],[-32.74867,81.76472],[-32.41453,81.65156],[-31.26651,81.77827],[-30.65127,81.81073],[-28.8907,81.7937],[-27.89046,81.84789],[-26.84168,81.85014],[-26.39327,81.86151],[-25.97467,81.83115],[-25.17848,81.63601],[-24.87664,81.59542],[-24.38728,81.67902],[-23.63882,81.7738],[-22.94759,81.90018],[-22.06357,81.96482],[-21.79793,81.75697],[-22.05288,81.53975],[-23.0953,81.25214],[-23.53286,81.09988],[-24.10957,80.76941],[-24.05537,80.63131],[-23.91174,80.56284],[-23.55328,80.60285],[-23.33885,80.62296],[-22.61189,80.87178],[-21.81727,81.11351],[-21.18166,81.28658],[-20.41409,81.43066],[-20.0654,81.52346],[-19.31736,81.59699],[-18.58938,81.54715],[-17.96345,81.51766],[-17.28974,81.6528],[-16.97343,81.7984],[-16.46541,81.90362],[-15.49879,81.90569],[-14.74626,81.85518],[-14.25251,81.83541],[-13.71397,81.77422],[-13.20332,81.67179],[-12.70513,81.6213],[-12.56311,81.5086],[-12.64447,81.38584],[-13.53097,81.27225],[-14.20195,81.21013],[-14.76216,80.98786],[-15.01256,80.85772],[-15.73444,80.69778],[-16.4409,80.451],[-16.91961,80.41104],[-17.33272,80.42968],[-18.04922,80.40872],[-19.04502,80.42616],[-19.7158,80.33725],[-20.04475,80.23966],[-20.26743,79.99887],[-20.19295,79.85377],[-19.31592,79.99121],[-18.60461,80.01178],[-17.7692,79.96663],[-17.7677,79.77738],[-18.10225,79.66893],[-19.17675,79.61304],[-19.38537,79.54992],[-19.48135,79.46026],[-19.55149,79.19265],[-19.76319,78.87306],[-20.06821,78.80182],[-20.54498,78.83622],[-20.87883,78.81792],[-21.25575,78.41264],[-21.69997,77.92347],[-21.76764,77.76732],[-21.56354,77.62942],[-21.38201,77.58661],[-21.11118,77.80319],[-20.77668,77.96862],[-20.39134,77.98673],[-19.33582,77.86724],[-19.17731,77.82422],[-19.05922,77.69464],[-19.08566,77.59961],[-19.64085,77.63309],[-19.94372,77.64113],[-20.17426,77.59754],[-20.23514,77.51124],[-20.10495,77.38247],[-19.31473,77.29812],[-19.0644,77.2386],[-18.25338,77.30014],[-18.0164,77.20634],[-17.92005,77.06114],[-17.942,76.86508],[-18.057,76.80533],[-18.88286,76.8888],[-19.62663,76.91295],[-19.9779,76.94633],[-20.56062,76.91118],[-21.18268,76.69748],[-21.55299,76.75621],[-21.77329,76.82379],[-22.25017,76.80584],[-22.37768,76.6359],[-21.75097,76.36663],[-21.21704,76.26656],[-20.63283,76.20877],[-19.88352,76.17658],[-19.57024,76.11],[-19.32224,75.89274],[-19.19981,75.69278],[-19.19355,75.44354],[-19.38885,75.2611],[-19.5616,75.22774],[-20.14297,75.30927],[-20.51184,75.3582],[-20.67922,75.30824],[-20.66885,75.06076],[-20.61583,74.95429],[-20.424,74.88161],[-20.146,74.84162],[-19.82055,74.74501],[-19.40924,74.68106],[-19.07091,74.60894],[-18.89868,74.43975],[-19.05102,74.33469],[-19.42509,74.26963],[-19.71624,74.21279],[-20.50225,74.2274],[-21.03151,74.26663],[-21.76226,74.30548],[-22.0288,74.10398],[-21.78091,74.01619],[-21.15254,73.99332],[-20.67937,73.92206],[-20.35364,73.81059],[-20.31381,73.6668],[-20.32959,73.41964],[-20.38808,73.42206],[-20.87955,73.4425],[-21.4405,73.39368],[-21.70852,73.27388],[-22.26917,73.2649],[-22.82031,73.32747],[-23.49375,73.5093],[-23.90861,73.72403],[-24.07642,73.75567],[-24.56888,73.62693],[-25.00992,73.47462],[-25.498,73.43389],[-25.76293,73.35379],[-26.41564,73.3685],[-26.82663,73.40752],[-27.26281,73.34303],[-27.44056,73.28703],[-27.51887,73.15984],[-27.51637,73.09635],[-27.35716,72.85914],[-27.03772,72.74911],[-26.46006,72.7265],[-25.77823,72.60949],[-25.07296,72.63445],[-24.47776,72.39154],[-24.13653,72.29007],[-23.91961,72.18849],[-23.38126,72.04068],[-22.8178,71.86973],[-22.64851,71.74521],[-22.43088,71.34116],[-22.02971,71.43508],[-21.90443,71.49749],[-21.72596,71.40459],[-21.59176,71.21096],[-21.56006,71.05625],[-21.47082,70.53234],[-21.54713,70.44007],[-21.71385,70.38607],[-21.95734,70.43162],[-22.20321,70.4849],[-22.6157,70.4841],[-23.0842,70.46792],[-23.75374,70.58956],[-24.04017,70.77375],[-24.22702,71.05899],[-24.38637,71.18251],[-24.913,71.43744],[-25.29125,71.5689],[-25.62764,71.63057],[-26.12018,71.66857],[-26.35451,71.60583],[-26.78748,71.55832],[-25.84955,71.4357],[-25.6949,71.27301],[-26.08601,71.1948],[-26.32942,71.1324],[-27.08438,71.08457],[-27.60605,71.06816],[-27.91617,70.99799],[-28.08353,70.89728],[-28.22178,70.62734],[-28.38448,70.458],[-27.91197,70.28249],[-27.47494,70.20676],[-26.52261,70.17791],[-26.25201,70.17839],[-25.45329,70.2871],[-24.58473,70.30403],[-24.19523,70.24349],[-23.77526,70.14481],[-23.58745,70.084],[-23.45946,70.09188],[-23.00889,70.09273],[-22.43398,70.07852],[-22.15753,70.05611],[-22.73233,69.77407],[-23.44435,69.56848],[-24.33329,69.33282],[-24.58354,69.33987],[-24.89656,69.39209],[-25.32438,69.08993],[-25.80157,68.86359],[-26.36214,68.66003],[-26.86867,68.52671],[-26.96362,68.5017],[-27.95906,68.47739],[-28.19534,68.41712],[-28.42121,68.41671],[-28.86312,68.32621],[-29.16214,68.25098],[-29.3997,68.22813],[-29.82539,68.41408],[-29.99449,68.39135],[-30.30504,67.98049],[-30.73649,67.92757],[-31.02031,67.95681],[-31.35468,68.04556],[-31.63458,68.25382],[-32.01875,68.44738],[-32.3099,68.5441],[-32.35907,68.54401],[-32.35547,68.45423],[-32.03718,67.9847],[-32.12384,67.87289],[-32.26754,67.8652],[-32.57805,67.75312],[-32.95602,67.64103],[-33.21397,67.46998],[-33.6642,67.06237],[-33.96005,66.76694],[-34.43306,66.38395],[-34.78231,66.26603],[-35.24768,66.2285],[-35.70801,66.35224],[-35.77449,66.10308],[-35.9719,65.84693],[-36.32438,65.72229],[-36.77053,65.76519],[-37.0479,65.74279],[-37.57888,65.54509],[-37.15478,66.32019],[-37.20937,66.31276],[-37.56726,66.31942],[-38.04185,66.39922],[-37.92492,66.20884],[-37.93667,66.00396],[-38.1103,65.82104],[-38.46742,65.64538],[-38.98941,65.57157],[-39.42712,65.57074],[-39.99202,65.53331],[-39.78177,65.35188],[-39.68631,65.17056],[-39.72692,64.99654],[-39.89782,64.95292],[-40.04237,64.98147],[-40.25372,64.96666],[-41.06033,65.03749],[-40.82775,64.89354],[-40.48362,64.68541],[-40.35071,64.52752],[-40.35533,64.42695],[-40.47242,64.3478],[-41.01111,64.33243],[-41.48412,64.27419],[-41.10417,64.08855],[-40.89255,64.03168],[-40.69122,63.93187],[-40.51625,63.78207],[-40.7657,63.57453],[-40.89391,63.52437],[-41.16342,63.56666],[-41.37824,63.52344],[-41.22302,63.30993],[-41.22701,63.25296],[-41.43447,63.0392],[-41.6531,63.09566],[-41.91557,63.12361],[-41.90392,63.05252],[-41.78911,62.84676],[-41.83441,62.69062],[-41.96373,62.69039],[-42.25886,62.73239],[-42.29884,62.7394],[-42.73953,62.68891],[-43.22597,62.68092],[-42.9191,62.46191],[-42.42037,62.28601],[-42.27136,62.19442],[-42.3062,61.72888],[-42.47826,61.30676],[-42.67033,61.26429],[-43.03726,61.29166],[-42.81712,61.02562],[-42.82441,60.80161],[-42.75409,60.69687],[-42.78493,60.52916],[-42.92721,60.50099],[-43.14993,60.51451],[-43.49709,60.47897],[-43.15412,60.30527],[-42.96204,60.03407],[-43.01451,59.83288],[-43.14357,59.81878],[-43.57878,59.93569],[-44.05227,60.16422],[-44.27614,60.03159],[-44.46744,59.76092],[-44.75314,60.03066],[-44.68222,60.28845],[-44.85624,60.37873],[-45.36201,60.46149],[-45.62171,60.6006],[-45.60407,60.68451],[-45.48993,60.79657],[-45.46025,60.89458],[-45.60648,61.02037],[-45.7709,61.10412],[-46.07187,60.94245],[-46.19585,60.9352],[-46.33109,60.87194],[-46.53103,60.89256],[-46.97205,60.86374],[-47.15937,60.85638],[-47.4162,60.723],[-47.63048,60.59681],[-47.82239,60.77819],[-47.86936,60.93903],[-47.96923,61.03691],[-48.20002,61.14163],[-48.56791,61.24614],[-48.91546,61.42104],[-49.14827,61.77233],[-49.11644,62.10383],[-49.20595,62.1743],[-49.4013,62.21632],[-49.61146,62.19474],[-50.04793,62.31408],[-50.09668,62.35641],[-50.15893,62.46243],[-50.09594,62.66799],[-49.88933,62.84574],[-49.85748,62.96654],[-49.97368,62.99473],[-50.22173,63.00849],[-50.46582,63.05067],[-50.51885,63.09276],[-50.51885,63.09276],[-50.59094,63.14999],[-50.61674,63.43481],[-50.82309,63.49146],[-51.10052,63.46954],[-51.36577,63.72601],[-51.35502,63.81178],[-51.26595,63.92637],[-50.98795,64.09154],[-50.43902,64.24309],[-50.25692,64.37973],[-50.04263,64.43757],[-50.01991,64.61006],[-50.14448,64.73932],[-50.3574,64.69574],[-50.77184,64.65901],[-50.99375,64.61543],[-51.27966,64.42807],[-51.5214,64.37019],[-51.80485,64.23334],[-51.95738,64.37657],[-51.94018,64.65683],[-51.99165,65.00975],[-52.08433,65.21263],[-52.07773,65.37242],[-52.18694,65.5177],[-52.41381,65.48089],[-52.53601,65.49522],[-52.83536,65.65489],[-53.10254,65.87325],[-53.10843,66.03404],[-52.72966,66.27638],[-52.6105,66.26798],[-52.86044,66.3532],[-53.34805,66.32428],[-53.39427,66.45182],[-53.2217,66.53086],[-52.91685,66.54447],[-52.65324,66.56777],[-52.44805,66.60731],[-52.30317,66.90947],[-52.84683,66.93058],[-53.1042,66.90795],[-53.26726,66.92242],[-53.39742,66.99594],[-53.44956,67.08445],[-53.34943,67.21025],[-53.25116,67.21394],[-53.17031,67.28581],[-52.9781,67.31034],[-53.14671,67.39515],[-53.39496,67.36226],[-53.49412,67.4735],[-53.46845,67.55819],[-53.43576,67.61762],[-53.31904,67.61785],[-53.18011,67.66265],[-52.8079,67.77478],[-52.25998,67.73864],[-51.87599,67.66508],[-51.5268,67.65088],[-51.35653,67.59182],[-50.93936,67.52581],[-50.47709,67.4822],[-50.49111,67.64538],[-50.35671,67.89093],[-50.49096,67.97258],[-50.94994,68.09095],[-51.56045,68.23159],[-51.96674,68.30552],[-52.68337,68.45372],[-52.84246,68.50581],[-52.69119,68.66341],[-52.33688,68.66409],[-51.67873,68.5005],[-51.21373,68.47892],[-51.00517,68.50922],[-50.95377,68.53929],[-50.91385,68.80928],[-50.87436,68.94456],[-50.60661,68.96009],[-50.36877,68.90792],[-50.26649,68.95323],[-50.27879,69.11117],[-50.36649,69.19387],[-50.76742,69.33637],[-50.6944,69.53288],[-50.45657,69.73762],[-50.57263,69.86625],[-51.1171,69.9411],[-51.63652,69.94015],[-52.16677,70.06876],[-52.90913,70.28939],[-53.25991,70.33473],[-53.66633,70.35698],[-54.00849,70.50991],[-54.37353,70.7247],[-54.30319,70.74025],[-54.15799,70.80992],[-53.88546,70.81043],[-53.62814,70.81865],[-52.68983,70.68165],[-52.36748,70.66686],[-51.80567,70.52941],[-51.15284,70.32333],[-50.82446,70.2473],[-50.79947,70.38536],[-50.93915,70.57715],[-51.32637,70.82296],[-51.40384,71.02362],[-51.67537,71.22444],[-51.89342,71.2473],[-52.19804,71.35537],[-52.03564,71.48001],[-51.79139,71.54271],[-51.72012,71.58956],[-52.03681,71.69805],[-52.53196,71.70492],[-52.81338,71.74341],[-53.32285,71.89084],[-53.71872,71.61698],[-53.86457,71.54662],[-53.98821,71.41414],[-54.38158,71.30471],[-55.0124,71.33458],[-55.47655,71.48912],[-55.6143,71.59785],[-55.62637,71.73035],[-55.42961,71.87128],[-55.29757,72.1612],[-55.36609,72.72777],[-55.10402,72.75198],[-54.79314,72.66568],[-54.62607,72.72126],[-54.55815,72.87158],[-54.73041,73.0376],[-55.14999,73.28299],[-55.35346,73.34626],[-55.77934,73.70446],[-55.98848,73.92052],[-51.82028,74.21307],[-52.05858,74.70494],[-58.82969,78.23804],[-65.15269,79.31348],[-64.89054,79.38237],[-65.16449,79.31037],[-65.16449,79.31037],[-64.89054,79.38237],[-64.79951,79.6784]]],[[[26.92231,60.31612],[26.61308,60.34783],[26.52588,60.39647],[26.55164,60.5707],[26.44284,60.33334],[26.32271,60.27024],[26.03775,60.2493],[25.8901,60.23584],[25.84553,60.11548],[25.58054,60.26234],[25.44989,60.1384],[25.14579,60.10975],[24.99298,60.02957],[24.96947,60.08683],[24.74298,60.03823],[24.51596,59.9895],[24.42105,59.86975],[24.28136,59.93815],[23.97895,59.88115],[23.96111,59.93245],[23.66466,59.83555],[23.41885,59.82985],[23.20144,59.81846],[22.98213,59.93245],[22.882,60.05556],[23.0052,60.20876],[22.62462,60.2011],[22.39207,60.1212],[22.42147,60.29319],[22.22065,60.25877],[21.93095,60.38077],[21.74681,60.40827],[21.56015,60.51249],[21.44318,60.69365],[21.42726,61.0151],[21.49831,61.18327],[21.52079,61.37957],[21.56101,61.48492],[21.40522,61.70243],[21.2112,61.87091],[21.34644,62.16713],[21.33756,62.3436],[21.20014,62.43518],[21.03373,62.4773],[21.06181,62.61174],[21.19481,62.76068],[21.48128,62.88881],[21.54597,62.97406],[21.49466,63.12303],[21.66648,63.18731],[21.95132,63.13102],[22.07504,63.10282],[22.29236,63.20269],[22.42877,63.39497],[22.47583,63.60162],[22.56902,63.72301],[22.70422,63.58064],[22.82553,63.58088],[23.13056,63.78343],[27.2182,63.35588],[27.23926,63.33203],[27.24648,63.3084],[27.21348,63.30908],[27.19316,63.28931],[27.19658,63.22925],[27.19316,63.16938],[27.20684,63.12163],[27.19482,63.09932],[27.17607,63.08359],[27.33008,63.00132],[27.39121,62.94053],[27.41465,62.90156],[27.49414,62.86309],[27.55986,62.85068],[27.56367,62.87734],[27.5875,62.89966],[27.62148,62.91602],[27.65195,62.92471],[27.68379,62.91157],[27.6668,62.87383],[27.64951,62.81597],[27.66621,62.75952],[27.64834,62.73496],[27.61855,62.70981],[27.60801,62.60078],[27.66904,62.52847],[27.66992,62.51284],[27.64668,62.49844],[27.6,62.49414],[27.39805,62.57568],[27.37275,62.5624],[27.35205,62.54355],[27.33945,62.51914],[27.29541,62.51802],[27.19111,62.57178],[27.15889,62.57729],[27.17773,62.55342],[27.23584,62.50723],[27.29717,62.47676],[27.3666,62.48232],[27.41943,62.49609],[27.45908,62.47944],[27.48945,62.44307],[27.54697,62.41196],[27.59688,62.41782],[27.67891,62.41196],[27.75537,62.42861],[27.79961,62.42939],[27.84404,62.37563],[27.85205,62.35396],[27.87656,62.32925],[27.88486,62.3061],[27.90244,62.24448],[27.89922,62.15723],[27.92568,62.13335],[28.03193,62.10835],[28.08623,62.10044],[28.16816,62.09609],[28.29668,62.09678],[28.40283,62.06914],[28.42686,62.05244],[28.5792,61.99277],[28.69697,61.9207],[28.73711,61.89102],[28.83502,61.86439],[28.83894,61.85642],[28.83975,61.84629],[28.80674,61.82778],[28.67217,61.82559],[28.53906,61.84087],[28.44209,61.76792],[28.36875,61.75078],[28.33936,61.74927],[28.30557,61.75552],[28.26172,61.74448],[28.24795,61.71563],[28.23438,61.62129],[28.18457,61.54395],[28.14727,61.55073],[28.12891,61.54897],[28.10391,61.52241],[28.05381,61.51055],[27.99961,61.54932],[27.946,61.60137],[27.921,61.62686],[27.91777,61.65703],[27.86582,61.69644],[27.81631,61.72788],[27.62637,61.80098],[27.60479,61.78081],[27.62256,61.76416],[27.70508,61.73066],[27.77305,61.68525],[27.75752,61.65625],[27.67813,61.63638],[27.66465,61.60684],[27.59316,61.58135],[27.51504,61.5771],[27.49873,61.6],[27.48799,61.61821],[27.4709,61.59941],[27.47246,61.5499],[27.47637,61.53882],[27.45918,61.52349],[27.35898,61.53057],[27.33916,61.59673],[27.32744,61.63179],[27.3292,61.69263],[27.27627,61.65293],[27.29609,61.55703],[27.29775,61.48364],[27.27373,61.46812],[27.30059,61.43335],[27.26455,61.37871],[27.27031,61.32427],[27.30283,61.32939],[27.36797,61.32598],[27.43535,61.29551],[27.43242,61.27012],[27.40625,61.25947],[27.51934,61.22959],[27.62529,61.21392],[27.67754,61.23232],[27.86191,61.25229],[28.07246,61.23315],[28.17373,61.18813],[28.19736,61.16343],[28.17236,61.15288],[28.08242,61.17852],[27.96553,61.18804],[27.88164,61.15723],[27.89189,61.11406],[27.91865,61.08032],[27.94678,61.06768],[27.9875,61.07974],[28.2916,61.07998],[28.35879,61.09336],[28.60996,61.16157],[28.78789,61.20415],[28.86699,61.24731],[28.82041,61.29731],[28.71416,61.35176],[28.6626,61.36777],[28.64082,61.35156],[28.47695,61.33208],[28.35957,61.33135],[28.34512,61.34937],[28.40625,61.37002],[28.46367,61.39927],[28.56797,61.44121],[28.58223,61.473],[28.64551,61.47617],[28.69287,61.48389],[28.67949,61.52437],[28.67988,61.55811],[28.72246,61.58066],[28.78965,61.58994],[28.76045,61.60991],[28.6084,61.61738],[28.6291,61.64155],[28.73018,61.67124],[28.94102,61.62578],[28.95431,61.62178],[29.6873,60.131],[29.51074,60.14457],[28.96898,60.10879],[28.69163,60.14998],[28.5694,60.19842],[28.43523,60.33734],[28.55125,60.53264],[28.52151,60.62326],[28.43178,60.60347],[28.01144,60.51073],[27.47362,60.42608],[27.40622,60.34482],[27.17848,60.44239],[26.94557,60.37631],[26.92231,60.31612]]],[[[27.73538,62.952],[27.72275,62.95435],[27.67656,62.97939],[27.60527,63.01465],[27.55879,63.00122],[27.43965,63.02344],[27.3585,63.06792],[27.26387,63.14565],[27.3373,63.21333],[27.34473,63.26409],[27.73538,62.952]]],[[[28.59708,62.26357],[28.56582,62.22158],[28.50596,62.21987],[28.40625,62.23696],[28.35791,62.26973],[28.32373,62.2873],[28.27715,62.27607],[28.27646,62.25615],[28.14395,62.25249],[28.06729,62.24375],[27.97002,62.25889],[27.9626,62.29785],[27.99111,62.33735],[28.04199,62.37886],[28.03965,62.40889],[27.91543,62.43027],[27.8458,62.52363],[27.75811,62.58315],[27.80146,62.62739],[27.75508,62.65239],[27.76563,62.67954],[27.84932,62.71938],[27.97939,62.73213],[28.05674,62.69038],[28.13838,62.53809],[28.10566,62.47598],[28.10264,62.44189],[28.16934,62.43369],[28.19092,62.44761],[28.21143,62.50776],[28.24876,62.54185],[28.59708,62.26357]]],[[[28.78001,61.97628],[28.71406,61.99492],[28.69121,62.03643],[28.70332,62.08193],[28.72806,62.08193],[28.78001,61.97628]]],[[[10.46284,57.24166],[10.33329,57.17146],[10.25655,57.00591],[9.503,56.97506],[9.33376,57.02274],[9.14124,57.00871],[9.07855,57.03676],[8.97088,57.0003],[8.84702,56.98628],[8.77808,56.79848],[8.66598,56.70046],[8.50712,56.64727],[8.47093,56.59689],[8.36823,56.66686],[8.18349,56.79848],[8.35887,57.02274],[8.53404,57.14058],[8.6613,57.1041],[8.95986,57.13216],[9.30242,57.16584],[9.44869,57.22761],[9.84926,57.58179],[10.28952,57.67186],[10.39014,57.66059],[10.47946,57.75913],[10.55806,57.74505],[10.40118,57.50588],[10.45073,57.45803],[10.46284,57.24166]]],[[[11.58478,55.16218],[11.2854,55.18857],[11.2301,55.33681],[11.10192,55.63367],[11.29626,55.67459],[11.56774,55.88478],[11.72805,55.66188],[11.96249,55.58126],[12.05262,55.70308],[12.088,55.96698],[12.23772,55.98757],[12.44405,55.96765],[12.46922,55.71063],[12.4091,55.54833],[12.34437,55.50771],[12.15843,55.37909],[12.42972,55.24469],[12.30136,55.17028],[12.07697,54.99469],[11.96961,54.95419],[11.90733,55.02129],[11.76722,55.176],[11.58478,55.16218]]],[[[18.11528,57.48083],[18.11028,57.49611],[18.11,57.51305],[18.11138,57.51944],[18.11916,57.5311],[18.13861,57.55111],[18.17917,57.58833],[18.19144,57.59614],[18.21194,57.60583],[18.22778,57.61138],[18.24222,57.61749],[18.24917,57.62083],[18.27611,57.63416],[18.29472,57.64583],[18.33889,57.68166],[18.35583,57.69583],[18.38194,57.7186],[18.40167,57.73861],[18.41972,57.76028],[18.45639,57.80277],[18.46139,57.80778],[18.46722,57.81194],[18.48111,57.8186],[18.68194,57.9136],[18.69,57.91611],[18.71611,57.9211],[18.725,57.92278],[18.88194,57.91972],[18.9025,57.91833],[18.91417,57.9175],[19.00472,57.90861],[19.00611,57.90361],[19.00389,57.89889],[19.03333,57.82694],[18.92944,57.73972],[18.84889,57.72111],[18.80917,57.70361],[18.79333,57.65916],[18.75972,57.50805],[18.76806,57.47222],[18.76944,57.46722],[18.78833,57.44833],[18.71444,57.24694],[18.71194,57.24166],[18.65805,57.22083],[18.55194,57.18278],[18.51472,57.16944],[18.49833,57.16528],[18.45556,57.15694],[18.43944,57.15277],[18.41722,57.14417],[18.39722,57.13416],[18.39139,57.13],[18.38667,57.12499],[18.34555,57.07972],[18.34139,57.07388],[18.33917,57.0686],[18.33555,57.02333],[18.33583,57.01749],[18.34333,57.01444],[18.34666,56.9986],[18.3025,56.93749],[18.295,56.93471],[18.21555,56.91305],[18.20611,56.91194],[18.16889,56.91],[18.14778,56.91194],[18.14027,56.91499],[18.1425,56.92027],[18.15833,56.94167],[18.20916,56.98917],[18.25666,57.03222],[18.25444,57.07916],[18.17333,57.14194],[18.14833,57.23528],[18.15805,57.31583],[18.1425,57.40944],[18.11528,57.48083]]],[[[-2.91611,58.83888],[-2.89917,58.83833],[-2.89417,58.83694],[-2.88639,58.83194],[-2.87778,58.82417],[-2.87667,58.82027],[-2.91389,58.73389],[-2.91833,58.73194],[-2.93945,58.73],[-2.94806,58.73055],[-2.95778,58.73472],[-2.97056,58.74194],[-2.98,58.75028],[-3.03694,58.81805],[-3.03361,58.82083],[-3.02889,58.82305],[-3.01,58.83167],[-3.00445,58.83305],[-2.97472,58.83527],[-2.91611,58.83888]]],[[[-3.33556,58.9275],[-3.23306,58.88721],[-3.22833,58.885],[-3.21472,58.87416],[-3.13639,58.80416],[-3.13472,58.80083],[-3.13694,58.78666],[-3.14167,58.78472],[-3.16028,58.7811],[-3.18083,58.77916],[-3.23139,58.77555],[-3.28889,58.77555],[-3.29583,58.77611],[-3.30083,58.77805],[-3.43111,58.87138],[-3.43306,58.87472],[-3.43306,58.87888],[-3.41806,58.90416],[-3.41222,58.91055],[-3.39806,58.91722],[-3.34917,58.92694],[-3.33556,58.9275]]],[[[-3.17222,58.91083],[-3.18833,58.91],[-3.195,58.91111],[-3.30333,58.94583],[-3.31333,58.95],[-3.34556,58.96583],[-3.36111,58.99222],[-3.36306,58.99555],[-3.36806,59.01],[-3.36806,59.01416],[-3.35139,59.10638],[-3.35028,59.10999],[-3.3175,59.12944],[-3.27778,59.14],[-3.27222,59.14139],[-3.23889,59.14611],[-3.21889,59.14861],[-3.2025,59.14861],[-3.19583,59.14722],[-3.07694,59.12167],[-3.07306,59.11916],[-2.99833,59.06972],[-2.99528,59.06667],[-2.99583,59.05583],[-2.94722,58.99833],[-2.85222,58.97555],[-2.79306,58.95139],[-2.75583,58.91777],[-2.82444,58.87888],[-2.86917,58.89333],[-2.97,58.93944],[-3.00833,58.94],[-3.05722,58.93583],[-3.11056,58.92806],[-3.11972,58.92333],[-3.11972,58.91917],[-3.17222,58.91083]]],[[[-2.55556,59.30306],[-2.53444,59.30499],[-2.41444,59.31361],[-2.40722,59.31389],[-2.40222,59.31278],[-2.4,59.31027],[-2.39722,59.30333],[-2.39028,59.28305],[-2.39,59.27972],[-2.49556,59.245],[-2.57083,59.24222],[-2.57722,59.24222],[-2.62056,59.23611],[-2.625,59.2336],[-2.68139,59.19583],[-2.68583,59.18417],[-2.68972,59.18666],[-2.69167,59.19],[-2.69361,59.1975],[-2.6925,59.21027],[-2.69056,59.21444],[-2.68445,59.22083],[-2.59278,59.29055],[-2.55556,59.30306]]],[[[-2.95861,59.28777],[-2.96556,59.28805],[-2.97194,59.28722],[-2.97639,59.28472],[-2.97417,59.28139],[-2.97694,59.27277],[-2.98806,59.26416],[-2.99222,59.26167],[-2.99917,59.26111],[-3.00333,59.26361],[-3.02833,59.285],[-3.07361,59.32417],[-3.07556,59.3275],[-3.07639,59.33138],[-3.07167,59.33138],[-3.04889,59.32916],[-2.89722,59.29972],[-2.89,59.29527],[-2.84972,59.26805],[-2.85306,59.24944],[-2.8775,59.22861],[-2.87306,59.25194],[-2.87306,59.2561],[-2.87695,59.25861],[-2.93667,59.28361],[-2.95861,59.28777]]],[[[-1.10111,60.27583],[-1.16417,60.25833],[-1.16583,60.26194],[-1.18694,60.26972],[-1.195,60.27083],[-1.19889,60.26778],[-1.20056,60.26333],[-1.19806,60.25583],[-1.18556,60.23055],[-1.18056,60.225],[-1.1575,60.19472],[-1.12611,60.15167],[-1.12556,60.14777],[-1.12861,60.14417],[-1.14667,60.13194],[-1.15306,60.13305],[-1.16306,60.1375],[-1.17056,60.13721],[-1.18722,60.12722],[-1.21222,60.10278],[-1.22056,60.0225],[-1.26028,59.86222],[-1.2625,59.85833],[-1.26861,59.8511],[-1.30695,59.8575],[-1.37194,59.89166],[-1.37806,59.90222],[-1.37778,59.90639],[-1.33167,59.99694],[-1.33004,60],[-1.32639,60.00444],[-1.3225,60.0075],[-1.31639,60.00889],[-1.31139,60.00666],[-1.30806,60.00889],[-1.30583,60.01277],[-1.26833,60.0936],[-1.26306,60.10694],[-1.26111,60.11583],[-1.26028,60.12416],[-1.26167,60.13083],[-1.285,60.21999],[-1.29139,60.24139],[-1.40333,60.25583],[-1.41028,60.255],[-1.41417,60.25194],[-1.41028,60.24944],[-1.3875,60.23722],[-1.36361,60.22972],[-1.35306,60.20889],[-1.35833,60.1925],[-1.44861,60.15111],[-1.45361,60.1525],[-1.49056,60.16777],[-1.52028,60.18139],[-1.52722,60.18694],[-1.52778,60.19083],[-1.52667,60.19444],[-1.51972,60.20111],[-1.58889,60.21583],[-1.64778,60.22472],[-1.655,60.2261],[-1.66472,60.23083],[-1.67444,60.23944],[-1.67806,60.24638],[-1.69306,60.27972],[-1.69278,60.28388],[-1.69139,60.28833],[-1.66694,60.29972],[-1.65528,60.30306],[-1.62833,60.30722],[-1.59667,60.30805],[-1.58972,60.30639],[-1.47472,60.315],[-1.44583,60.3186],[-1.42694,60.32139],[-1.34583,60.34],[-1.32028,60.35638],[-1.44583,60.46055],[-1.50222,60.46972],[-1.55361,60.47555],[-1.55833,60.47305],[-1.565,60.47305],[-1.60972,60.47416],[-1.61167,60.47666],[-1.61,60.48138],[-1.59306,60.50777],[-1.54695,60.53583],[-1.41611,60.605],[-1.41056,60.60694],[-1.30194,60.63667],[-1.29583,60.63472],[-1.29417,60.6311],[-1.2875,60.61333],[-1.29611,60.4911],[-1.28667,60.47111],[-1.16389,60.45444],[-1.04139,60.44694],[-1.03722,60.44416],[-1.03778,60.44],[-1.06611,60.35806],[-1.10111,60.27583]]],[[[-1.1825,60.59499],[-1.18361,60.60278],[-1.18139,60.6236],[-1.17945,60.6325],[-1.17722,60.63667],[-1.11,60.72583],[-1.09861,60.73],[-1.0925,60.73138],[-1.08472,60.73167],[-1.05695,60.73083],[-0.99667,60.72472],[-0.99111,60.71999],[-0.9825,60.65555],[-0.98278,60.65138],[-1.01778,60.51944],[-1.01917,60.515],[-1.02333,60.50305],[-1.02556,60.49889],[-1.02944,60.49583],[-1.10472,60.48555],[-1.1275,60.48638],[-1.14,60.48944],[-1.14278,60.49249],[-1.17028,60.52722],[-1.1825,60.59499]]],[[[-0.95972,60.71139],[-0.93889,60.79444],[-0.88306,60.84222],[-0.87833,60.84444],[-0.80611,60.84055],[-0.77278,60.83111],[-0.76778,60.82889],[-0.75806,60.81777],[-0.75722,60.81389],[-0.76361,60.79333],[-0.81972,60.68889],[-0.835,60.67333],[-0.93556,60.67444],[-0.95861,60.6825],[-0.96556,60.68805],[-0.95972,60.71139]]],[[[-6.84583,61.46805],[-6.95833,61.59861],[-6.96278,61.61916],[-6.96,61.62277],[-6.94472,61.63667],[-6.92639,61.64139],[-6.91222,61.64361],[-6.88945,61.645],[-6.72889,61.57583],[-6.72445,61.57333],[-6.70944,61.55833],[-6.65528,61.43305],[-6.64167,61.40083],[-6.64222,61.39722],[-6.65528,61.38944],[-6.66028,61.38833],[-6.66806,61.38944],[-6.71917,61.40749],[-6.84583,61.46805]]],[[[-6.70472,61.7775],[-6.83611,61.81777],[-6.84111,61.8175],[-6.86611,61.83749],[-6.90889,61.90111],[-6.90833,61.90472],[-6.90472,61.90778],[-6.86444,61.90749],[-6.85583,61.90694],[-6.78333,61.89694],[-6.77695,61.89527],[-6.66139,61.85889],[-6.65222,61.85388],[-6.60417,61.82611],[-6.60417,61.82166],[-6.63,61.76111],[-6.63889,61.75055],[-6.65222,61.74278],[-6.70472,61.7775]]],[[[-7.18583,62.01972],[-7.20167,62.01861],[-7.19167,62.0311],[-7.19222,62.03972],[-7.19361,62.04333],[-7.19833,62.05],[-7.21195,62.0575],[-7.22667,62.06444],[-7.2325,62.06472],[-7.23333,62.06027],[-7.25111,62.04277],[-7.34556,62.05222],[-7.35222,62.05389],[-7.37806,62.065],[-7.38167,62.06805],[-7.43111,62.1161],[-7.43389,62.1236],[-7.43445,62.12778],[-7.435,62.14027],[-7.43361,62.14361],[-7.42639,62.14472],[-7.23111,62.16],[-7.22333,62.15944],[-7.16307,62.12882],[-7.05611,62.09861],[-7.045,62.09444],[-7.04139,62.09139],[-7.04028,62.08778],[-7.04111,62.08305],[-7.04972,62.06777],[-7.055,62.06027],[-7.06278,62.04944],[-7.16528,62.02361],[-7.18583,62.01972]]],[[[-6.86917,61.9975],[-6.96111,62.04666],[-7.03458,62.11211],[-7.13031,62.1256],[-7.23222,62.17249],[-7.23472,62.17583],[-7.235,62.17999],[-7.23361,62.19333],[-7.23278,62.19805],[-7.21083,62.28472],[-7.19556,62.30472],[-7.19222,62.30778],[-7.135,62.30389],[-7.12806,62.30222],[-7.0875,62.29083],[-7.07056,62.28472],[-7.06583,62.28222],[-7.0625,62.27916],[-7.0575,62.2725],[-7.05222,62.2575],[-7.045,62.24333],[-7.0425,62.24],[-7.03667,62.2336],[-6.99083,62.19305],[-6.97389,62.1825],[-6.94583,62.16805],[-6.91639,62.15389],[-6.84139,62.12444],[-6.735,62.04361],[-6.72472,62.035],[-6.71889,62.02861],[-6.69639,61.97944],[-6.69611,61.97527],[-6.7025,61.94028],[-6.70694,61.93749],[-6.71778,61.93333],[-6.72528,61.93444],[-6.77306,61.95],[-6.86917,61.9975]]],[[[-6.68139,62.24249],[-6.68583,62.245],[-6.71167,62.29388],[-6.72083,62.33138],[-6.63222,62.25916],[-6.62556,62.25333],[-6.62028,62.23805],[-6.61917,62.23444],[-6.62,62.22972],[-6.62361,62.22666],[-6.63222,62.22749],[-6.65806,62.23444],[-6.68139,62.24249]]],[[[-6.92195,62.16722],[-6.94806,62.1825],[-6.96417,62.19333],[-7.01111,62.22639],[-7.025,62.23778],[-7.02944,62.24444],[-7.0625,62.29583],[-7.06028,62.31361],[-6.95806,62.33917],[-6.95028,62.33805],[-6.93806,62.33416],[-6.80722,62.29028],[-6.735,62.26],[-6.60111,62.19694],[-6.59778,62.19416],[-6.58806,62.13416],[-6.64972,62.10249],[-6.65417,62.09972],[-6.65695,62.09611],[-6.6575,62.0925],[-6.6575,62.05583],[-6.66972,62.05861],[-6.75278,62.09277],[-6.92195,62.16722]]],[[[-6.5725,62.21166],[-6.58194,62.225],[-6.58806,62.23972],[-6.55086,62.25098],[-6.54897,62.3009],[-6.5744,62.34988],[-6.54167,62.3575],[-6.53667,62.3425],[-6.52222,62.31805],[-6.49278,62.29138],[-6.48889,62.28833],[-6.43,62.26888],[-6.39778,62.26],[-6.39222,62.25805],[-6.38889,62.255],[-6.38861,62.25083],[-6.38972,62.24611],[-6.40722,62.19167],[-6.40861,62.18861],[-6.41222,62.18527],[-6.41861,62.18388],[-6.51806,62.16888],[-6.52722,62.17388],[-6.55556,62.19694],[-6.5725,62.21166]]],[[[-6.62,62.26694],[-6.66444,62.3225],[-6.66806,62.32972],[-6.66833,62.33389],[-6.66667,62.34722],[-6.66583,62.35194],[-6.66083,62.3725],[-6.65472,62.37416],[-6.64583,62.37416],[-6.63806,62.37306],[-6.63222,62.37083],[-6.57361,62.30639],[-6.56639,62.29639],[-6.56139,62.28139],[-6.56111,62.27694],[-6.56167,62.27333],[-6.56556,62.26527],[-6.5725,62.25889],[-6.58583,62.25639],[-6.595,62.2561],[-6.60833,62.25861],[-6.61306,62.26111],[-6.62,62.26694]]],[[[-6.48861,62.3075],[-6.54695,62.38361],[-6.54528,62.38694],[-6.53083,62.39417],[-6.52528,62.39611],[-6.51917,62.39694],[-6.49833,62.38638],[-6.48917,62.38139],[-6.39167,62.29694],[-6.40611,62.28444],[-6.415,62.28444],[-6.42278,62.28555],[-6.48028,62.29778],[-6.48861,62.3075]]],[[[27.58789,61.26631],[27.47539,61.31514],[27.36758,61.36904],[27.32803,61.4002],[27.36035,61.42173],[27.41787,61.4373],[27.50889,61.40854],[27.55566,61.39658],[27.62871,61.3834],[27.65859,61.35464],[27.67656,61.31035],[27.63711,61.27319],[27.58789,61.26631]]],[[[27.91367,61.44209],[27.79756,61.40493],[27.74961,61.40137],[27.71221,61.40278],[27.66221,61.43491],[27.56396,61.45645],[27.51963,61.48521],[27.54844,61.49121],[27.59033,61.48643],[27.66582,61.48281],[27.70049,61.4876],[27.71221,61.53379],[27.73164,61.54746],[27.79395,61.53789],[27.85859,61.51875],[27.92324,61.52593],[27.94629,61.52749],[27.96885,61.50317],[27.95928,61.48042],[27.91367,61.44209]]],[[[28.49453,61.44404],[28.41621,61.41646],[28.30703,61.40762],[28.24014,61.39424],[28.22559,61.44292],[28.24541,61.47271],[28.25527,61.49692],[28.23984,61.52339],[28.24258,61.53906],[28.3082,61.58184],[28.28613,61.62261],[28.28066,61.6645],[28.27734,61.70967],[28.32813,61.72954],[28.3876,61.71191],[28.47559,61.7229],[28.51543,61.69868],[28.53643,61.62153],[28.49346,61.60166],[28.45918,61.55845],[28.44492,61.51567],[28.49561,61.47817],[28.49453,61.44404]]]]}},{"type":"Feature","properties":{"NAME":"Sicily","ABBREVN":"Sicily","SUBJECTO":"Sicily","BORDERPRECISION":1,"PARTOF":"Sicily"},"geometry":{"type":"MultiPolygon","coordinates":[[[[14.9424,36.73856],[14.62202,36.77614],[14.21591,37.04932],[13.8684,37.15695],[13.01157,37.52489],[12.63688,37.5815],[12.53204,37.63867],[12.45415,37.76601],[12.51664,37.91917],[12.66433,38.0725],[12.78284,38.11738],[13.06595,38.06693],[13.32248,38.22051],[13.62796,38.02981],[13.80953,37.96642],[14.13447,37.97345],[14.76587,38.05761],[15.38674,38.20555],[15.45369,38.16742],[15.47289,38.11006],[15.42252,38.05257],[15.18103,37.68228],[15.11218,37.45903],[15.11625,37.28694],[15.30135,37.0579],[15.22063,37.00038],[15.02734,36.74512],[14.9424,36.73856]]]]}},{"type":"Feature","properties":{"NAME":"Blue Horde","ABBREVN":"Golden Horde","SUBJECTO":"Mongol Empire","BORDERPRECISION":1,"PARTOF":"Mongol Empire"},"geometry":{"type":"MultiPolygon","coordinates":[[[[47.83201,57.81341],[50.20723,46.66026],[49.94814,46.5595],[49.72335,46.53252],[49.53451,46.54152],[49.40863,46.43362],[49.3132,46.35269],[49.23778,46.26277],[49.05794,46.13688],[48.8871,46.08293],[48.83315,46.08293],[48.83315,46.01999],[48.83315,45.92108],[48.77021,45.88511],[48.63533,45.97503],[48.48247,45.88511],[48.30263,45.76821],[48.01489,45.71426],[47.87102,45.6783],[47.75412,45.71426],[47.6732,45.75023],[47.62824,45.73225],[47.60126,45.66031],[47.65521,45.54342],[47.5563,45.4535],[47.47538,45.31862],[47.39445,45.17475],[47.25058,44.98592],[47.16965,44.86004],[47.02578,44.7881],[46.87292,44.6802],[46.80998,44.53633],[46.84595,44.44641],[46.99881,44.35649],[47.14268,44.33851],[47.2236,44.20363],[47.33151,44.18565],[47.43941,44.03278],[47.5653,43.84396],[47.53832,43.67311],[47.49336,43.58319],[47.52034,43.51126],[47.5653,43.60117],[47.61026,43.75404],[47.66421,43.85295],[47.73614,43.86194],[47.6732,43.66412],[47.57429,43.50226],[47.60126,43.32243],[47.65521,43.27747],[47.58328,43.18755],[47.5653,43.00771],[47.73614,42.89981],[47.79009,42.85485],[47.84404,42.62106],[47.39488,42.58779],[45.86086,42.47415],[45.80768,42.53797],[45.64812,42.54861],[45.47792,42.54861],[45.25984,42.43852],[43.54586,42.83471],[41.12255,43.01909],[40.96934,43.07666],[40.55709,43.14659],[40.25162,43.26818],[40.09806,43.37755],[39.45869,43.83293],[38.92371,44.21186],[38.55609,44.3851],[38.277,44.42321],[38.10918,44.49377],[37.88037,44.71895],[37.77405,44.74454],[37.62175,44.67331],[37.47389,44.69236],[37.31794,44.92421],[36.95987,45.22736],[37.22775,45.31202],[37.46097,45.31248],[37.66127,45.34523],[37.7061,45.5784],[37.86788,45.79251],[37.98994,46.00666],[38.22715,46.02009],[38.45898,46.07891],[38.26491,46.31856],[37.97017,46.44128],[37.7571,46.60319],[37.8666,46.65536],[38.03186,46.66868],[38.40109,46.72135],[38.72274,46.87792],[39.28236,47.07403],[39.19409,47.24295],[39.15985,47.26889],[38.80025,47.22917],[38.20973,47.15046],[37.85925,47.10374],[37.42214,47.07688],[37.19263,46.89442],[36.86456,46.80929],[36.35397,46.7758],[35.85056,46.66439],[35.62433,46.52106],[35.4161,46.49469],[35.21237,46.63714],[35.04637,46.35765],[34.90681,46.27302],[34.69235,46.25313],[34.49565,46.2787],[34.06422,46.26487],[33.83908,46.19305],[34.12726,46.0639],[35.00805,45.61195],[35.0319,45.53427],[34.99001,45.45002],[35.06342,45.3401],[35.31668,45.32118],[35.54622,45.37989],[35.84976,45.44523],[36.32316,45.4397],[36.52105,45.38829],[36.41513,45.27157],[36.36711,45.16148],[36.26475,45.09659],[36.0047,45.04433],[35.86545,45.03112],[35.59956,45.10174],[35.38666,45.08192],[35.06732,44.86172],[34.61416,44.84147],[34.37224,44.75718],[34.13496,44.5375],[34.01372,44.49212],[33.66016,44.52366],[33.3955,44.60049],[33.55938,44.93614],[33.51667,45.12351],[33.39787,45.25268],[33.01349,45.38137],[32.92629,45.38767],[32.64345,45.38063],[32.5753,45.36108],[32.50324,45.4451],[32.90226,45.67258],[33.19165,45.78978],[33.53946,45.87471],[33.63884,45.92677],[33.52795,46.13406],[33.33253,46.16611],[32.97293,46.14595],[32.51644,46.12558],[32.20217,46.17036],[32.1141,46.21562],[31.92594,46.40993],[32.18879,46.59224],[31.95127,46.86463],[31.78105,46.70186],[31.53773,46.70138],[31.08723,46.63554],[30.83286,46.57659],[30.52046,46.25141],[30.43285,46.17575],[30.38004,46.13015],[29.1212,48.20262],[29.4562,48.36469],[29.84803,49.27896],[34.6806,48.56061],[37.03158,49.7361],[38.14176,49.60549],[38.18091,49.9969],[30.81592,56.15044],[30.9356,56.38979],[30.73811,56.98224],[31.28119,57.27846],[32.4167,57.27846],[32.52554,57.89922],[33.50511,57.96453],[34.28877,57.83392],[36.11731,56.72373],[37.74993,56.98495],[38.86012,58.35636],[38.40298,59.27063],[36.24792,60.11959],[36.31323,60.64203],[37.09688,61.16447],[37.88054,61.03386],[39.83969,60.11959],[40.94988,60.1849],[41.2111,60.44612],[41.2111,61.16447],[45.71714,62.20935],[46.04367,62.07874],[45.96481,57.73452],[47.83201,57.81341]]]]}},{"type":"Feature","properties":{"NAME":"Aragón","ABBREVN":"Aragón","SUBJECTO":"Aragón","BORDERPRECISION":1,"PARTOF":"Aragón"},"geometry":{"type":"MultiPolygon","coordinates":[[[[-1.6643,42.12542],[-0.90735,42.8813],[-0.84002,42.90865],[-0.61198,42.73088],[-0.58679,42.76506],[-0.46884,42.75139],[-0.40991,42.78557],[-0.21614,42.7172],[-0.20366,42.70031],[-0.16563,42.64884],[0.17955,42.66252],[0.19627,42.60783],[0.34784,42.63517],[0.59192,42.62833],[0.58414,42.77189],[0.7442,42.77189],[1.30745,42.63517],[1.32046,42.60501],[1.32046,42.60501],[1.45631,42.61895],[1.57717,42.64785],[1.75543,42.59672],[1.79169,42.57892],[1.73126,42.54554],[1.72824,42.501],[2.10289,42.61451],[2.27209,42.69006],[2.48056,42.68562],[2.48962,42.71892],[2.70112,42.73002],[2.825,42.84975],[2.94888,42.88297],[3.03927,42.86919],[3.00189,42.77081],[3.0459,42.53946],[3.08708,42.36864],[3.08708,42.36864],[3.08653,42.32911],[3.08629,42.12072],[3.15655,42.07572],[3.12888,41.85723],[2.62826,41.61954],[2.20059,41.44615],[2.08072,41.29849],[1.60983,41.20916],[1.31124,41.15725],[0.8792,41.02174],[0.73375,40.87495],[0.70978,40.78515],[0.82713,40.72742],[0.78756,40.65689],[0.50514,40.59276],[0.23793,40.2402],[-0.16063,39.88602],[-0.20366,39.79944],[-0.28452,39.63677],[-0.39485,39.43446],[-0.2359,39.0624],[-0.20366,39.01265],[-0.1657,38.95406],[0.12612,38.82135],[0.17257,38.73835],[-0.107,38.5915],[-0.20366,38.54403],[-0.43516,38.43034],[-0.56413,38.21487],[-0.66473,38.17657],[-0.87234,37.7598],[-0.80256,37.61501],[-0.91827,37.57034],[-1.36457,37.54839],[-1.62571,37.43949],[-1.81688,37.29248],[-1.94048,36.9516],[-2.14926,37.23302],[-1.92104,37.65142],[-2.03515,37.8416],[-1.88301,37.9557],[-1.65479,37.91767],[-1.65479,38.18392],[-1.80693,38.25999],[-1.80693,38.52625],[-2.03515,38.60232],[-2.03515,39.24893],[-1.80693,39.17286],[-1.80693,39.47715],[-1.99711,39.59126],[-1.99711,39.7434],[-1.80693,39.85751],[-1.99711,39.97162],[-1.99711,40.08573],[-2.3014,40.23787],[-2.3014,40.39002],[-1.92104,40.61824],[-2.03515,41.22681],[-2.3014,41.26485],[-2.3014,41.49307],[-2.14926,41.49307],[-2.13001,41.81657],[-1.60487,41.76883],[-1.6643,42.12542]]]]}}]}