{"type":"FeatureCollection","features":[{"type":"Feature","properties":{},"geometry":{"type":"Polygon","coordinates":[[[22.61738,58.62124],[22.68838,58.59702],[22.75381,58.60469],[22.82012,58.62153],[22.96426,58.60571],[23.29287,58.4835],[23.32324,58.45083],[23.12715,58.43599],[23.08262,58.39849],[23.03545,58.37231],[22.97988,58.36387],[22.88516,58.31128],[22.75703,58.26089],[22.73027,58.23066],[22.49844,58.23623],[22.37168,58.21714],[22.26934,58.16074],[22.22734,58.05181],[22.15244,57.9668],[22.07627,57.93603],[21.99687,57.93135],[21.97803,57.96328],[21.98555,57.99517],[22.15293,58.11533],[22.1877,58.15435],[22.1044,58.17168],[22.03457,58.21338],[21.88213,58.26235],[21.85449,58.30166],[21.89102,58.30459],[21.92441,58.31587],[21.96504,58.34883],[21.98408,58.38667],[21.8623,58.49717],[21.92441,58.51426],[22.00185,58.51025],[22.08135,58.47812],[22.16856,58.51582],[22.20557,58.52139],[22.2666,58.50796],[22.32813,58.58086],[22.47441,58.60488],[22.54697,58.62739],[22.61738,58.62124]]]}},{"type":"Feature","properties":{},"geometry":{"type":"Polygon","coordinates":[[[23.85225,35.53545],[23.9206,35.52817],[24.01328,35.52944],[24.03438,35.5354],[24.09336,35.59385],[24.16602,35.59522],[24.19775,35.53745],[24.12402,35.51084],[24.10898,35.4958],[24.12315,35.48364],[24.17852,35.45952],[24.25537,35.4686],[24.25772,35.42314],[24.2749,35.38599],[24.31289,35.36382],[24.354,35.35947],[24.44492,35.36602],[24.53457,35.38076],[24.62695,35.40991],[24.72129,35.4248],[25.00313,35.40986],[25.1043,35.34692],[25.29678,35.33935],[25.47568,35.3062],[25.56963,35.32808],[25.73018,35.34858],[25.75586,35.32637],[25.73516,35.18403],[25.74502,35.14272],[25.79131,35.12285],[25.83711,35.13257],[25.89336,35.1792],[26.02803,35.21528],[26.16787,35.21509],[26.28555,35.30977],[26.32022,35.31514],[26.29863,35.2686],[26.28086,35.15923],[26.25557,35.09517],[26.24434,35.04468],[26.16562,35.0186],[26.04668,35.01416],[25.82969,35.02519],[25.61094,35.00732],[25.20576,34.95928],[24.7998,34.93447],[24.74522,34.95063],[24.74395,35.01436],[24.73516,35.0583],[24.70889,35.08906],[24.5834,35.11533],[24.46367,35.16035],[23.99434,35.22192],[23.88359,35.24609],[23.70391,35.2335],[23.63809,35.23516],[23.59277,35.25723],[23.56162,35.29517],[23.54756,35.41558],[23.56982,35.53477],[23.60869,35.56626],[23.62656,35.53037],[23.67266,35.51392],[23.71543,35.55015],[23.71504,35.60474],[23.73691,35.65552],[23.7708,35.63423],[23.79336,35.5562],[23.85225,35.53545]]]}},{"type":"Feature","properties":{},"geometry":{"type":"Polygon","coordinates":[[[23.41543,38.95864],[23.47197,38.8501],[23.525,38.81348],[23.63623,38.77022],[23.68848,38.7647],[23.87822,38.68657],[24.09902,38.671],[24.12754,38.64849],[24.15469,38.58828],[24.19971,38.54102],[24.21103,38.50425],[24.1875,38.46343],[24.22012,38.33862],[24.27578,38.22002],[24.35967,38.1625],[24.46397,38.14512],[24.56328,38.14751],[24.58838,38.12398],[24.57852,38.02017],[24.53652,37.97974],[24.50234,37.96992],[24.47266,37.98052],[24.4458,38.00498],[24.4165,38.01655],[24.35947,38.01855],[24.31777,38.06035],[24.21201,38.11753],[24.19258,38.15166],[24.18906,38.2043],[24.14414,38.24307],[24.10283,38.31685],[24.06357,38.33721],[24.0419,38.37412],[24.04014,38.38999],[23.88623,38.40073],[23.75879,38.40122],[23.65078,38.44307],[23.61738,38.55254],[23.55332,38.58198],[23.50527,38.61294],[23.46523,38.65586],[23.36406,38.73501],[23.25215,38.80122],[23.14394,38.84482],[23.0291,38.87339],[22.93574,38.83965],[22.88135,38.84766],[22.87031,38.87051],[22.98633,38.91592],[23.1458,39.00269],[23.2582,39.03135],[23.3127,39.03491],[23.41543,38.95864]]]}},{"type":"Feature","properties":{},"geometry":{"type":"Polygon","coordinates":[[[34.46318,35.59351],[33.94199,35.29204],[33.90791,35.20239],[33.93125,35.14038],[34.00449,35.06523],[34.02363,35.04556],[34.0502,34.98838],[33.93652,34.97148],[33.82246,34.96592],[33.75898,34.97324],[33.69941,34.96987],[33.51445,34.80644],[33.41494,34.75088],[33.29658,34.71773],[33.17607,34.69805],[33.11553,34.69556],[33.06231,34.6748],[33.0249,34.63691],[33.02393,34.6],[33.00791,34.56958],[32.9418,34.57588],[32.91426,34.6355],[32.86719,34.66113],[32.7501,34.6478],[32.69297,34.64937],[32.50557,34.70625],[32.44902,34.72944],[32.41377,34.77803],[32.31719,34.95332],[32.30098,35.08296],[32.39092,35.0498],[32.475,35.08999],[32.55596,35.15576],[32.65234,35.18267],[32.71269,35.17104],[32.77236,35.15957],[32.87988,35.18057],[32.92637,35.27808],[32.9416,35.39043],[33.12344,35.3582],[33.30781,35.3415],[33.45879,35.33589],[33.60762,35.35415],[34.06348,35.47398],[34.19248,35.5457],[34.27236,35.56997],[34.41113,35.6293],[34.55606,35.66206],[34.46318,35.59351]]]}},{"type":"Feature","properties":{},"geometry":{"type":"Polygon","coordinates":[[[19.07646,57.83594],[18.99375,57.81211],[18.94512,57.7416],[18.87813,57.72969],[18.81387,57.7062],[18.79092,57.48311],[18.90791,57.39834],[18.84365,57.38647],[18.78486,57.36108],[18.74287,57.32353],[18.6999,57.24273],[18.53848,57.19692],[18.47734,57.16304],[18.38721,57.08765],[18.34023,56.97822],[18.24893,56.93154],[18.14639,56.92051],[18.20654,57.01016],[18.28535,57.0832],[18.20957,57.1333],[18.16397,57.21172],[18.10508,57.27188],[18.15195,57.33906],[18.12891,57.44917],[18.13652,57.55664],[18.20488,57.61089],[18.2832,57.65513],[18.40518,57.75684],[18.5374,57.83057],[18.72188,57.86372],[18.80518,57.83315],[18.84111,57.90019],[18.90059,57.91548],[18.95644,57.9],[19.07646,57.83594]]]}},{"type":"Feature","properties":{},"geometry":{"type":"Polygon","coordinates":[[[12.56875,55.78506],[12.57119,55.68496],[12.54522,55.65581],[12.50703,55.63662],[12.40713,55.61626],[12.32061,55.58784],[12.24346,55.53789],[12.21504,55.4665],[12.27539,55.41426],[12.38516,55.38564],[12.41309,55.28618],[12.32246,55.23711],[12.08994,55.18814],[12.06553,55.06992],[12.07305,54.97676],[12.06885,54.90903],[12.05039,54.81533],[11.8623,54.77261],[11.74092,54.91533],[11.73984,54.97246],[11.70361,55.03916],[11.69678,55.096],[11.65381,55.18691],[11.47588,55.21152],[11.40684,55.21475],[11.31025,55.19785],[11.28633,55.20444],[11.1707,55.32861],[11.18975,55.46563],[11.12803,55.53477],[11.11953,55.56606],[11.121,55.60073],[11.07031,55.6293],[11.00879,55.64443],[10.97891,55.72153],[11.04961,55.74023],[11.22441,55.7312],[11.27549,55.73647],[11.32227,55.75254],[11.46367,55.8793],[11.45957,55.90723],[11.47471,55.94346],[11.62773,55.95688],[11.6959,55.90791],[11.68223,55.82949],[11.69092,55.729],[11.78359,55.70166],[11.81973,55.69766],[11.8583,55.77188],[11.88535,55.80796],[11.92207,55.82808],[11.93457,55.8959],[11.91279,55.93731],[11.86641,55.96816],[12.03965,56.05215],[12.21894,56.11865],[12.32324,56.12212],[12.42822,56.10586],[12.52578,56.0834],[12.57871,56.06406],[12.6084,56.03301],[12.54297,55.95898],[12.52481,55.91846],[12.56875,55.78506]]]}},{"type":"Feature","properties":{},"geometry":{"type":"Polygon","coordinates":[[[10.64512,55.60981],[10.68682,55.55762],[10.73809,55.44634],[10.81924,55.32187],[10.78535,55.26978],[10.8084,55.20303],[10.78525,55.1334],[10.62383,55.05244],[10.44277,55.04878],[10.25459,55.08789],[9.98877,55.16318],[9.96738,55.20547],[9.93008,55.22891],[9.85898,55.35723],[9.86064,55.51548],[9.99424,55.5353],[10.28613,55.61084],[10.35361,55.59898],[10.42402,55.56035],[10.50508,55.55806],[10.62275,55.61284],[10.64512,55.60981]]]}},{"type":"Feature","properties":{},"geometry":{"type":"Polygon","coordinates":[[[3.14531,39.79009],[3.24111,39.75669],[3.34219,39.78672],[3.3959,39.7773],[3.44893,39.76123],[3.46182,39.69775],[3.41465,39.62715],[3.34873,39.55566],[3.29297,39.47705],[3.24473,39.38662],[3.15459,39.33325],[3.07285,39.30127],[2.9001,39.36836],[2.79981,39.38506],[2.76982,39.41025],[2.746,39.51025],[2.70059,39.54214],[2.63408,39.5562],[2.57588,39.53066],[2.49951,39.47788],[2.45879,39.53047],[2.39434,39.54038],[2.37002,39.57207],[2.37129,39.61309],[2.78496,39.85483],[2.90478,39.9083],[3.15869,39.97051],[3.19756,39.96108],[3.16445,39.92422],[3.16699,39.90772],[3.19863,39.88984],[3.19092,39.86138],[3.15869,39.83657],[3.14531,39.79009]]]}},{"type":"Feature","properties":{},"geometry":{"type":"Polygon","coordinates":[[[9.63203,40.88203],[9.68203,40.81811],[9.79434,40.5562],[9.80527,40.49956],[9.78281,40.4415],[9.7542,40.40029],[9.64297,40.26841],[9.65947,40.15923],[9.70078,40.0918],[9.70674,40.01704],[9.68604,39.92437],[9.61699,39.35439],[9.58359,39.25356],[9.5625,39.16602],[9.48633,39.13955],[9.38809,39.16753],[9.26416,39.2168],[9.20693,39.21382],[9.14932,39.19697],[9.10176,39.21128],[9.05635,39.23916],[9.02266,39.04326],[8.9666,38.96372],[8.88135,38.91289],[8.80117,38.90967],[8.71856,38.92671],[8.64854,38.92656],[8.59541,38.96431],[8.55332,39.03032],[8.48623,39.1105],[8.41816,39.20571],[8.41074,39.2918],[8.39912,39.48159],[8.41865,39.52305],[8.44707,39.56279],[8.46104,39.64771],[8.45117,39.72168],[8.47109,39.7481],[8.51074,39.72168],[8.54053,39.73159],[8.53867,39.76968],[8.54775,39.83921],[8.4959,39.89746],[8.40781,39.91724],[8.39932,39.97817],[8.40859,40.03765],[8.45508,40.07759],[8.4708,40.13071],[8.47129,40.29268],[8.40918,40.35234],[8.38535,40.44268],[8.35322,40.50054],[8.29551,40.55864],[8.23027,40.60596],[8.18994,40.65161],[8.18086,40.77105],[8.20381,40.8707],[8.22422,40.91333],[8.24521,40.90703],[8.31016,40.85752],[8.36328,40.84634],[8.46846,40.83433],[8.57188,40.85019],[8.69893,40.89526],[8.82119,40.9499],[8.99814,41.11035],[9.10723,41.14292],[9.16309,41.18516],[9.18213,41.24219],[9.22842,41.25708],[9.28301,41.20166],[9.35078,41.1959],[9.45518,41.15015],[9.50019,41.10635],[9.53877,41.05366],[9.57568,41.03052],[9.61533,41.01729],[9.62119,41.00488],[9.58975,40.99248],[9.55371,40.93213],[9.57402,40.91475],[9.63203,40.88203]]]}},{"type":"Feature","properties":{},"geometry":{"type":"Polygon","coordinates":[[[9.48037,42.80542],[9.4542,42.65859],[9.47324,42.61558],[9.50938,42.5856],[9.52617,42.55264],[9.55645,42.16094],[9.55068,42.12974],[9.42842,41.97241],[9.40088,41.92622],[9.39482,41.7312],[9.37422,41.67881],[9.33086,41.62715],[9.25342,41.46006],[9.18613,41.38491],[9.00303,41.47656],[8.89502,41.51616],[8.84209,41.55889],[8.80752,41.58838],[8.82978,41.62769],[8.879,41.66855],[8.88682,41.70068],[8.771,41.73711],[8.71797,41.76143],[8.71865,41.804],[8.75869,41.87041],[8.74043,41.92515],[8.67363,41.92236],[8.62187,41.93071],[8.61514,41.95913],[8.65342,41.99556],[8.70254,42.04312],[8.70098,42.0956],[8.6416,42.11821],[8.58779,42.16084],[8.56621,42.2188],[8.60791,42.25845],[8.67549,42.28403],[8.62588,42.34341],[8.59238,42.34473],[8.56563,42.35771],[8.5875,42.3853],[8.64004,42.42656],[8.71309,42.54976],[8.81484,42.60791],[8.99492,42.64531],[9.04365,42.66167],[9.08838,42.70498],[9.13789,42.73291],[9.19805,42.7292],[9.25352,42.71245],[9.28769,42.69463],[9.31338,42.71318],[9.33838,42.76689],[9.32305,42.81406],[9.33096,42.9438],[9.36318,43.01738],[9.41523,43.02148],[9.46328,42.98101],[9.46084,42.94521],[9.47861,42.8605],[9.48037,42.80542]]]}},{"type":"Feature","properties":{},"geometry":{"type":"Polygon","coordinates":[[[15.57656,38.22031],[15.50889,38.10664],[15.47568,38.06294],[15.23447,37.78481],[15.20684,37.72056],[15.18984,37.65073],[15.16484,37.58955],[15.13105,37.53189],[15.09951,37.45859],[15.10566,37.37549],[15.11699,37.33472],[15.146,37.30801],[15.19365,37.28286],[15.23027,37.24434],[15.17412,37.20918],[15.23603,37.13872],[15.28867,37.09692],[15.2957,37.05518],[15.29453,37.01328],[15.18516,36.93481],[15.14238,36.8916],[15.11582,36.83926],[15.1043,36.78525],[15.11631,36.73647],[15.1126,36.68784],[15.00244,36.6939],[14.88965,36.72353],[14.77598,36.7104],[14.61435,36.7666],[14.55547,36.77676],[14.50186,36.79868],[14.36729,36.97285],[14.25908,37.04644],[14.14297,37.10366],[14.02432,37.10713],[13.90547,37.10063],[13.80059,37.13589],[13.58711,37.25415],[13.36094,37.34873],[13.26494,37.41035],[13.22109,37.45181],[13.16992,37.4793],[13.04033,37.50654],[12.92412,37.57051],[12.87119,37.5752],[12.75732,37.56738],[12.69902,37.57183],[12.64023,37.59434],[12.52676,37.66953],[12.45439,37.77378],[12.43555,37.81977],[12.48682,37.93872],[12.54766,38.05293],[12.60166,38.08496],[12.66436,38.10791],[12.70234,38.1417],[12.73438,38.18306],[12.85068,38.06372],[12.90273,38.03486],[12.95547,38.04131],[13.04902,38.08408],[13.05684,38.13091],[13.15996,38.19033],[13.29111,38.19145],[13.35166,38.18052],[13.3835,38.12681],[13.4335,38.11025],[13.49131,38.10312],[13.68154,38.00073],[13.73486,37.98403],[13.78887,37.9812],[13.93662,38.02417],[14.05,38.04053],[14.28769,38.01685],[14.41621,38.04258],[14.50596,38.04551],[14.63672,38.08506],[14.73721,38.15078],[14.78965,38.16699],[14.8459,38.17168],[14.98193,38.16758],[15.11875,38.15273],[15.17607,38.16807],[15.22402,38.21104],[15.27959,38.23037],[15.34072,38.21733],[15.49873,38.29087],[15.56836,38.2959],[15.63467,38.26758],[15.57656,38.22031]]]}},{"type":"Feature","properties":{},"geometry":{"type":"Polygon","coordinates":[[[-3.10967,58.51548],[-3.10112,58.43369],[-3.11289,58.40889],[-3.13677,58.37832],[-3.21235,58.32124],[-3.41099,58.23965],[-3.775,58.0521],[-3.99004,57.95903],[-4.01963,57.91426],[-4.0356,57.852],[-3.90684,57.83965],[-3.85713,57.81856],[-3.88794,57.78691],[-4.07842,57.67705],[-4.13452,57.57773],[-3.98848,57.58125],[-3.86816,57.60034],[-3.62822,57.66226],[-3.40278,57.70825],[-3.29453,57.71016],[-3.08394,57.67349],[-3.03604,57.67231],[-2.94668,57.68926],[-2.8563,57.69228],[-2.24414,57.68086],[-2.07407,57.70239],[-1.96152,57.67666],[-1.86738,57.61235],[-1.77793,57.49375],[-1.78066,57.47402],[-1.83472,57.41997],[-1.93447,57.3522],[-2.02031,57.25889],[-2.04551,57.20855],[-2.06235,57.15347],[-2.08955,57.10254],[-2.26025,56.86333],[-2.42666,56.73071],[-2.50098,56.63657],[-2.59268,56.56157],[-2.68096,56.5144],[-2.7752,56.48296],[-3.04741,56.44937],[-3.12358,56.42529],[-3.21445,56.38394],[-3.30996,56.36348],[-3.198,56.36606],[-3.08701,56.38906],[-2.88516,56.39751],[-2.65273,56.31826],[-2.67427,56.25342],[-2.76758,56.20215],[-2.97979,56.19409],[-3.17822,56.08013],[-3.26777,56.04507],[-3.36226,56.02764],[-3.48042,56.03281],[-3.69512,56.06333],[-3.78906,56.09522],[-3.70415,56.04316],[-3.60781,56.01602],[-3.04873,55.95195],[-3.01509,55.95859],[-2.83686,56.02627],[-2.59932,56.0273],[-2.14707,55.90298],[-2.01685,55.80796],[-1.83027,55.67173],[-1.72876,55.61856],[-1.65537,55.57036],[-1.61016,55.4981],[-1.52256,55.25952],[-1.42266,55.02642],[-1.29175,54.77388],[-1.23242,54.70371],[-1.1544,54.65449],[-0.75933,54.54141],[-0.67139,54.50391],[-0.51811,54.39512],[-0.37036,54.2792],[-0.23286,54.19014],[-0.08438,54.11807],[-0.1563,54.08062],[-0.20557,54.02173],[-0.16875,53.94165],[-0.10825,53.86519],[0.01055,53.74282],[0.11533,53.60928],[0.07671,53.62944],[0.03608,53.64053],[-0.01943,53.63721],[-0.07373,53.64365],[-0.17383,53.68545],[-0.27002,53.73677],[-0.46138,53.71616],[-0.56768,53.72539],[-0.65991,53.72402],[-0.48506,53.69438],[-0.2937,53.69233],[0.12832,53.46826],[0.271,53.3355],[0.35576,53.15996],[0.29805,53.0811],[0.2082,53.03003],[0.12441,52.97158],[0.0459,52.90561],[0.27979,52.80869],[0.33018,52.81162],[0.38193,52.8252],[0.43164,52.85815],[0.51553,52.93838],[0.55879,52.96694],[0.70449,52.97725],[0.82676,52.97109],[0.94854,52.95337],[1.05557,52.95898],[1.27129,52.92456],[1.38213,52.89351],[1.65674,52.75371],[1.71611,52.67725],[1.74336,52.57852],[1.74658,52.46899],[1.70039,52.3689],[1.64736,52.27852],[1.61465,52.16182],[1.59141,52.11977],[1.55898,52.08687],[1.41348,51.99477],[1.3168,51.95693],[1.27598,51.97353],[1.23242,51.97124],[1.22783,51.94912],[1.27383,51.9021],[1.27441,51.84536],[1.18848,51.80337],[1.10117,51.78545],[0.95508,51.80781],[0.75225,51.72959],[0.89805,51.6894],[0.92744,51.64663],[0.89092,51.57144],[0.79922,51.53789],[0.69756,51.52305],[0.59346,51.51948],[0.50723,51.50107],[0.42451,51.46563],[0.52832,51.48447],[0.60029,51.46797],[0.64551,51.40469],[0.68652,51.38657],[0.88936,51.35952],[1.01494,51.35972],[1.25713,51.3751],[1.37344,51.37471],[1.41494,51.36328],[1.41562,51.31084],[1.39756,51.18203],[1.36553,51.15547],[1.04443,51.04727],[0.97861,50.97168],[0.96016,50.92588],[0.77236,50.93398],[0.68437,50.88555],[0.53232,50.85342],[0.41475,50.81919],[0.29971,50.77598],[0.20508,50.76304],[-0.20391,50.81435],[-0.45078,50.81016],[-0.78525,50.76543],[-0.87139,50.7728],[-1.00059,50.81562],[-1.13286,50.84458],[-1.28506,50.85732],[-1.41646,50.89688],[-1.33447,50.8208],[-1.51675,50.74746],[-1.60083,50.73286],[-1.68789,50.73516],[-1.86602,50.71523],[-2.03105,50.72539],[-2.00625,50.67324],[-1.96206,50.62778],[-1.9979,50.60801],[-2.03584,50.60308],[-2.35015,50.6374],[-2.39468,50.63091],[-2.43345,50.59922],[-2.54775,50.61631],[-2.65884,50.66973],[-2.77695,50.70557],[-2.90088,50.72241],[-2.99941,50.7166],[-3.40459,50.63242],[-3.48545,50.54795],[-3.52588,50.42817],[-3.58438,50.32183],[-3.67978,50.23994],[-3.79336,50.22925],[-3.9002,50.28594],[-4.10342,50.34853],[-4.17256,50.39082],[-4.19458,50.39331],[-4.21729,50.37817],[-4.29697,50.35908],[-4.37949,50.3582],[-4.50669,50.34136],[-4.72798,50.29048],[-4.81738,50.25596],[-5.00952,50.16074],[-5.04863,50.13437],[-5.11851,50.03833],[-5.22524,50.02139],[-5.32285,50.08296],[-5.43398,50.10444],[-5.55122,50.0834],[-5.62212,50.05068],[-5.65518,50.07725],[-5.65625,50.13188],[-5.57065,50.19697],[-5.34229,50.24614],[-5.1418,50.37373],[-5.04346,50.45151],[-5.00444,50.49526],[-4.9564,50.52314],[-4.89356,50.53369],[-4.86128,50.58203],[-4.58291,50.77637],[-4.55996,50.82095],[-4.54609,50.90068],[-4.5231,50.97744],[-4.29648,51.02715],[-4.18818,51.18852],[-4.1584,51.20132],[-3.84233,51.23091],[-3.60791,51.22856],[-3.3751,51.19697],[-3.25576,51.19414],[-3.13599,51.20503],[-3.04204,51.24858],[-2.88125,51.40566],[-2.79082,51.47481],[-2.68721,51.53726],[-2.59028,51.60859],[-2.43306,51.74072],[-2.53936,51.69521],[-2.66768,51.623],[-2.74214,51.5811],[-2.97852,51.53887],[-3.08037,51.4958],[-3.25879,51.39849],[-3.29311,51.39043],[-3.56235,51.41382],[-3.76269,51.53994],[-3.89077,51.59165],[-3.94365,51.59751],[-3.99834,51.58213],[-4.11528,51.56641],[-4.23457,51.56909],[-4.17368,51.62734],[-4.09102,51.65991],[-4.27617,51.68252],[-4.32764,51.70024],[-4.38628,51.74106],[-4.53149,51.74805],[-4.60078,51.73765],[-4.71763,51.68369],[-4.90229,51.62627],[-5.12476,51.70586],[-5.16836,51.74072],[-5.16724,51.80806],[-5.20059,51.86138],[-5.2623,51.88018],[-5.18335,51.94966],[-5.08809,51.9959],[-4.87852,52.04185],[-4.56113,52.15088],[-4.38315,52.19731],[-4.21772,52.27744],[-4.14937,52.32627],[-4.09976,52.39312],[-4.05054,52.47515],[-3.98032,52.54175],[-4.04844,52.55762],[-4.07891,52.60786],[-4.0707,52.65884],[-4.03926,52.70405],[-4.06743,52.76074],[-4.11753,52.82002],[-4.11475,52.86616],[-4.10147,52.91548],[-4.22915,52.91284],[-4.35644,52.89741],[-4.47183,52.86245],[-4.58369,52.81494],[-4.68306,52.80615],[-4.68145,52.84414],[-4.63833,52.89111],[-4.52568,52.9582],[-4.40508,53.01382],[-4.36221,53.05606],[-4.32842,53.10513],[-4.26856,53.14453],[-4.11104,53.21894],[-3.80928,53.30269],[-3.76421,53.30762],[-3.6459,53.2979],[-3.52959,53.31055],[-3.42773,53.34067],[-3.32617,53.34717],[-3.09756,53.2603],[-3.16558,53.39468],[-3.06475,53.42686],[-2.91856,53.30537],[-2.86416,53.29258],[-2.74951,53.31021],[-2.79375,53.33071],[-2.84541,53.33193],[-2.91309,53.35024],[-2.96997,53.38921],[-3.0646,53.51284],[-3.05947,53.58623],[-2.9957,53.66255],[-2.9251,53.73276],[-2.98433,53.74673],[-3.03179,53.77358],[-3.04536,53.84385],[-3.02676,53.90591],[-2.89985,53.96069],[-2.8624,54.04385],[-2.84648,54.1353],[-2.86758,54.17725],[-2.99351,54.17051],[-3.05474,54.15342],[-3.10967,54.12632],[-3.16597,54.12793],[-3.32153,54.2291],[-3.41025,54.30562],[-3.56939,54.46758],[-3.59204,54.56435],[-3.4646,54.7731],[-3.26792,54.90659],[-3.03623,54.95308],[-3.08106,54.96196],[-3.43408,54.96377],[-3.55044,54.94741],[-3.6583,54.89287],[-3.71924,54.87612],[-3.78325,54.86992],[-3.8416,54.84277],[-3.89858,54.80508],[-3.95791,54.78096],[-4.07578,54.78721],[-4.13296,54.77925],[-4.17402,54.80107],[-4.2084,54.83716],[-4.25342,54.84678],[-4.30366,54.83569],[-4.40991,54.78706],[-4.51748,54.75835],[-4.64756,54.78901],[-4.81807,54.84614],[-4.85171,54.82529],[-4.8895,54.77227],[-4.91123,54.68945],[-5.03232,54.76138],[-5.1355,54.85752],[-5.17012,54.91792],[-5.1727,54.98589],[-5.1167,55.01226],[-5.05586,54.98813],[-4.96519,55.14946],[-4.78481,55.35942],[-4.72114,55.421],[-4.67676,55.50132],[-4.68438,55.55391],[-4.72417,55.59829],[-4.89185,55.69912],[-4.88965,55.7812],[-4.87168,55.87393],[-4.82607,55.92954],[-4.80684,55.94014],[-4.58408,55.93867],[-4.67095,55.96738],[-4.84409,56.05117],[-4.84102,56.08086],[-4.80029,56.15835],[-4.81914,56.15049],[-4.85625,56.1147],[-4.9271,56.02808],[-4.97036,56.00786],[-5.09282,55.9873],[-5.11499,55.94463],[-5.13467,55.9335],[-5.19585,55.92866],[-5.2146,55.88887],[-5.22822,55.88633],[-5.24561,55.92925],[-5.24731,56.00039],[-5.22295,56.06582],[-5.17642,56.11699],[-4.99697,56.23335],[-5.08433,56.19746],[-5.28232,56.08994],[-5.38345,56.01924],[-5.41045,55.99536],[-5.4189,55.97524],[-5.41831,55.95205],[-5.3729,55.82769],[-5.38584,55.77012],[-5.55645,55.3896],[-5.58877,55.35142],[-5.61846,55.33145],[-5.64653,55.32686],[-5.73066,55.33413],[-5.76821,55.36265],[-5.76787,55.39497],[-5.7521,55.44346],[-5.68135,55.62398],[-5.65064,55.67412],[-5.60503,55.72075],[-5.50449,55.80239],[-5.50693,55.80772],[-5.57388,55.7917],[-5.60239,55.79697],[-5.62285,55.81314],[-5.60957,56.05527],[-5.55527,56.13496],[-5.53496,56.25083],[-5.48789,56.35005],[-5.4334,56.42231],[-5.39194,56.51479],[-5.32944,56.55591],[-5.31269,56.6188],[-5.24258,56.68686],[-5.18838,56.75806],[-5.21758,56.75102],[-5.56421,56.56572],[-5.65244,56.53198],[-5.7728,56.54102],[-5.86484,56.56186],[-5.93677,56.60571],[-5.9689,56.68989],[-6.05771,56.69214],[-6.13369,56.70669],[-6.13276,56.71802],[-6.03472,56.76392],[-5.87764,56.77964],[-5.73062,56.85308],[-5.86143,56.90269],[-5.85039,56.91841],[-5.73628,56.96064],[-5.59131,57.10234],[-5.56191,57.23271],[-5.63125,57.29395],[-5.65635,57.33408],[-5.79492,57.37881],[-5.81807,57.43608],[-5.80195,57.46802],[-5.75674,57.49922],[-5.68862,57.52354],[-5.58179,57.54678],[-5.67876,57.57168],[-5.71494,57.60107],[-5.74238,57.64365],[-5.74492,57.66831],[-5.69473,57.77822],[-5.66548,57.82353],[-5.60835,57.88135],[-5.34902,57.87808],[-5.31919,57.90361],[-5.28979,57.90459],[-5.15723,57.88135],[-5.1769,57.9064],[-5.39375,58.0436],[-5.41318,58.06973],[-5.35137,58.1437],[-5.34687,58.17666],[-5.35596,58.21191],[-5.33828,58.23872],[-5.26953,58.25142],[-5.05996,58.25015],[-5.0083,58.26265],[-5.03184,58.29829],[-5.08061,58.34517],[-5.09014,58.38452],[-5.07871,58.41929],[-5.07602,58.48926],[-5.0665,58.52022],[-5.01675,58.56655],[-4.97563,58.58032],[-4.92466,58.58838],[-4.80962,58.5729],[-4.76577,58.5542],[-4.71543,58.51001],[-4.67822,58.51357],[-4.53496,58.56157],[-4.4919,58.56846],[-4.43325,58.51284],[-4.18862,58.55723],[-3.85952,58.5771],[-3.66182,58.6063],[-3.45356,58.61689],[-3.25913,58.65],[-3.05308,58.63481],[-3.04619,58.61553],[-3.05698,58.58877],[-3.10967,58.51548]]]}},{"type":"Feature","properties":{},"geometry":{"type":"Polygon","coordinates":[[[-7.17861,55.05689],[-7.10063,55.04829],[-7.03076,55.08062],[-6.94717,55.18252],[-6.88896,55.18892],[-6.82485,55.18066],[-6.69883,55.19346],[-6.47505,55.24102],[-6.37529,55.2418],[-6.23423,55.21685],[-6.12915,55.21738],[-6.03579,55.14453],[-5.98574,55.02969],[-5.86919,54.91621],[-5.71685,54.81748],[-5.71074,54.75708],[-5.76519,54.72466],[-5.8791,54.68438],[-5.87861,54.64131],[-5.80347,54.66304],[-5.73862,54.67305],[-5.58252,54.66343],[-5.52793,54.61963],[-5.49019,54.55405],[-5.47041,54.50019],[-5.48389,54.44165],[-5.52588,54.46021],[-5.56855,54.5126],[-5.61597,54.53672],[-5.67109,54.54976],[-5.64609,54.47788],[-5.65596,54.38174],[-5.63188,54.37266],[-5.55781,54.371],[-5.60679,54.27256],[-5.70806,54.24585],[-5.82617,54.23584],[-5.85464,54.20098],[-5.87607,54.15606],[-5.93774,54.08906],[-6.01904,54.05127],[-6.11953,54.05889],[-6.21802,54.08872],[-6.17573,54.05352],[-6.15693,54.01724],[-6.23066,54.00361],[-6.30762,54.01103],[-6.34517,53.98721],[-6.34761,53.94131],[-6.32158,53.88218],[-6.27012,53.84023],[-6.229,53.7457],[-6.19487,53.64087],[-6.14185,53.57754],[-6.13096,53.49893],[-6.13877,53.4603],[-6.1291,53.39087],[-6.15166,53.36641],[-6.13472,53.30122],[-6.07227,53.16631],[-6.04502,53.09116],[-6.02739,52.9271],[-6.07148,52.86563],[-6.13066,52.80727],[-6.16934,52.73813],[-6.19922,52.66348],[-6.21724,52.54312],[-6.34541,52.402],[-6.39995,52.36694],[-6.46318,52.34536],[-6.325,52.24668],[-6.43794,52.20269],[-6.56108,52.18882],[-6.69731,52.21352],[-6.78223,52.2105],[-6.85972,52.17856],[-6.89023,52.15923],[-6.91465,52.16855],[-6.96577,52.24951],[-7.00327,52.16592],[-7.08179,52.13931],[-7.21621,52.14497],[-7.44087,52.12271],[-7.52729,52.09888],[-7.56318,52.06162],[-7.58984,52.01855],[-7.6249,51.99312],[-7.66455,51.97974],[-7.83799,51.948],[-7.87217,51.9353],[-7.95249,51.86577],[-8.05781,51.82559],[-8.14502,51.81352],[-8.22246,51.854],[-8.2543,51.87832],[-8.29023,51.89067],[-8.40918,51.88877],[-8.37163,51.87627],[-8.34736,51.8477],[-8.3356,51.79297],[-8.34912,51.73931],[-8.40781,51.71206],[-8.47783,51.70703],[-8.58828,51.65137],[-8.73447,51.63618],[-8.81343,51.58491],[-9.29648,51.49824],[-9.32388,51.49722],[-9.39058,51.51929],[-9.46289,51.52905],[-9.53486,51.52217],[-9.7373,51.47373],[-9.83535,51.48335],[-9.71035,51.60371],[-9.54238,51.66445],[-9.5249,51.6811],[-9.57983,51.68926],[-9.89902,51.64707],[-10.00991,51.61113],[-10.12075,51.60068],[-10.06943,51.65557],[-9.92642,51.73071],[-9.84971,51.76611],[-9.80288,51.78013],[-9.74951,51.82427],[-9.59883,51.87441],[-10.08423,51.771],[-10.21172,51.78359],[-10.24175,51.81245],[-10.34106,51.79893],[-10.37871,51.86875],[-10.23159,51.97451],[-10.14585,52.02002],[-10.04404,52.04458],[-9.94604,52.07983],[-9.90967,52.12295],[-9.95581,52.13667],[-10.24951,52.12573],[-10.39023,52.13491],[-10.38262,52.16909],[-10.35669,52.20693],[-10.21094,52.27168],[-10.13208,52.28208],[-10.06177,52.27593],[-9.99311,52.25933],[-9.93731,52.23765],[-9.77212,52.2501],[-9.84106,52.29145],[-9.85322,52.37549],[-9.90606,52.40371],[-9.83848,52.44268],[-9.76113,52.46636],[-9.63223,52.54692],[-9.58633,52.55918],[-9.33125,52.57876],[-9.05615,52.62114],[-8.78345,52.67964],[-8.92329,52.71231],[-8.99028,52.75542],[-9.0979,52.66826],[-9.17539,52.63491],[-9.39424,52.61709],[-9.46348,52.6269],[-9.56104,52.65396],[-9.59136,52.64365],[-9.61953,52.62275],[-9.76436,52.57998],[-9.9166,52.56973],[-9.7396,52.64819],[-9.51499,52.78115],[-9.46489,52.82319],[-9.39365,52.89624],[-9.41572,52.92876],[-9.46196,52.94727],[-9.29922,53.09756],[-9.24189,53.12485],[-9.1376,53.12925],[-9.06113,53.15308],[-9.02744,53.15317],[-8.99717,53.16206],[-8.93013,53.20708],[-9.03355,53.23574],[-9.14033,53.25049],[-9.47075,53.23486],[-9.51421,53.23823],[-9.55518,53.25205],[-9.58174,53.27197],[-9.60176,53.32305],[-9.62598,53.33447],[-9.70059,53.33447],[-9.77407,53.31885],[-9.82539,53.32036],[-9.87578,53.34273],[-9.79541,53.39497],[-9.89902,53.40727],[-10.00391,53.39702],[-10.09126,53.41284],[-10.09399,53.44561],[-10.05439,53.47832],[-10.10625,53.50933],[-10.11699,53.54854],[-10.06172,53.56782],[-10.00137,53.56143],[-9.87827,53.59043],[-9.72065,53.60449],[-9.85586,53.63311],[-9.90972,53.65762],[-9.9123,53.69512],[-9.90161,53.7272],[-9.74507,53.78149],[-9.57822,53.80542],[-9.59053,53.84116],[-9.57886,53.87983],[-9.74751,53.89102],[-9.91406,53.86372],[-9.89624,53.9376],[-9.85635,54.0043],[-9.84849,54.04829],[-9.85645,54.09536],[-9.93447,54.07524],[-9.9436,54.1416],[-9.9771,54.18711],[-10.09268,54.15576],[-10.0897,54.21582],[-10.0564,54.25781],[-9.99595,54.27602],[-9.93594,54.26812],[-9.82456,54.2689],[-9.71714,54.30044],[-9.56231,54.30855],[-9.31553,54.29863],[-9.1459,54.20962],[-9.1021,54.22554],[-9.03428,54.28179],[-9.00244,54.28799],[-8.74678,54.26348],[-8.58804,54.2311],[-8.54556,54.24121],[-8.56846,54.30361],[-8.62314,54.34687],[-8.55444,54.40356],[-8.471,54.44194],[-8.41523,54.46108],[-8.28652,54.48486],[-8.23037,54.50727],[-8.19297,54.58013],[-8.13345,54.64082],[-8.45654,54.60928],[-8.76392,54.6812],[-8.71519,54.73203],[-8.65029,54.76089],[-8.53828,54.78296],[-8.52769,54.80947],[-8.471,54.83154],[-8.3773,54.88945],[-8.41172,54.96509],[-8.39326,55.02041],[-8.32578,55.05644],[-8.30469,55.1082],[-8.27461,55.14629],[-8.1377,55.15991],[-8.0061,55.19531],[-7.95859,55.1919],[-7.80317,55.20005],[-7.75054,55.18579],[-7.76255,55.24834],[-7.66709,55.25649],[-7.62979,55.24399],[-7.61338,55.19966],[-7.57002,55.17139],[-7.55664,55.12222],[-7.58569,55.08423],[-7.63428,55.05498],[-7.58984,55.02505],[-7.65874,54.97095],[-7.58437,54.99399],[-7.47842,55.04697],[-7.48394,55.09028],[-7.50195,55.14473],[-7.53144,55.19385],[-7.51787,55.24795],[-7.4583,55.28179],[-7.30176,55.29878],[-7.36597,55.36021],[-7.30879,55.36582],[-7.24668,55.35303],[-7.15532,55.30518],[-7.06025,55.26763],[-6.96167,55.23789],[-7.0564,55.17832],[-7.17285,55.13701],[-7.21865,55.09199],[-7.17861,55.05689]]]}},{"type":"Feature","properties":{},"geometry":{"type":"Polygon","coordinates":[[[-16.30747,64],[-16.46807,63.91636],[-16.64033,63.86548],[-16.7397,63.85176],[-16.93306,63.84092],[-17.09512,63.8081],[-17.63345,63.74658],[-17.81572,63.71299],[-17.83926,63.68237],[-17.91484,63.63638],[-17.91958,63.61973],[-17.88638,63.60688],[-17.88027,63.59019],[-17.94692,63.53574],[-18.08003,63.49634],[-18.14292,63.49697],[-18.21904,63.53086],[-18.2522,63.52969],[-18.26523,63.52451],[-18.26602,63.51387],[-18.22227,63.47319],[-18.30283,63.45425],[-18.65361,63.40669],[-19.2502,63.44199],[-19.48657,63.47852],[-19.77827,63.53657],[-19.95195,63.55205],[-20.19815,63.55581],[-20.40044,63.63711],[-20.49404,63.68735],[-20.50156,63.7082],[-20.49102,63.73198],[-20.46997,63.74819],[-20.43848,63.75698],[-20.37173,63.75786],[-20.36304,63.76494],[-20.41397,63.80518],[-20.4627,63.79214],[-20.59297,63.73535],[-20.65093,63.7374],[-20.72705,63.76577],[-20.72993,63.79336],[-20.87876,63.80391],[-21.00811,63.83838],[-21.13657,63.88794],[-21.15576,63.90684],[-21.09404,63.93442],[-21.10596,63.93984],[-21.15239,63.94453],[-21.24624,63.93545],[-21.3876,63.8728],[-21.44863,63.8584],[-22.37256,63.84375],[-22.60688,63.83726],[-22.6522,63.82773],[-22.69302,63.86851],[-22.7294,63.95947],[-22.73858,64],[-22.53256,64],[-22.51006,63.99146],[-22.45236,64],[-16.30747,64]]]}},{"type":"Feature","properties":{},"geometry":{"type":"Polygon","coordinates":[[[14.31348,36.02759],[14.25361,36.01216],[14.19424,36.04224],[14.18037,36.0604],[14.26328,36.07578],[14.30371,36.06231],[14.3209,36.03623],[14.31348,36.02759]]]}},{"type":"Feature","properties":{},"geometry":{"type":"Polygon","coordinates":[[[13.93828,40.70562],[13.89365,40.69697],[13.86768,40.70874],[13.85352,40.72407],[13.87119,40.76182],[13.96211,40.7394],[13.96084,40.71816],[13.93828,40.70562]]]}},{"type":"Feature","properties":{},"geometry":{"type":"Polygon","coordinates":[[[12.05127,36.75703],[12.00332,36.746],[11.94063,36.78037],[11.93643,36.82861],[11.94805,36.84307],[12.02422,36.82095],[12.04805,36.77637],[12.05127,36.75703]]]}},{"type":"Feature","properties":{},"geometry":{"type":"Polygon","coordinates":[[[6.3334,53.51074],[6.19326,53.47681],[6.15928,53.48394],[6.16768,53.49375],[6.29092,53.51499],[6.3334,53.51074]]]}},{"type":"Feature","properties":{},"geometry":{"type":"Polygon","coordinates":[[[5.9293,53.45884],[5.73203,53.44263],[5.66533,53.45488],[5.6543,53.4665],[5.7081,53.47339],[5.87627,53.4751],[5.92822,53.46499],[5.9293,53.45884]]]}},{"type":"Feature","properties":{},"geometry":{"type":"Polygon","coordinates":[[[5.10859,53.30801],[4.92373,53.23457],[4.90791,53.24624],[5.02705,53.31021],[5.10859,53.30801]]]}},{"type":"Feature","properties":{},"geometry":{"type":"Polygon","coordinates":[[[5.32578,53.38574],[5.23262,53.37778],[5.19023,53.3918],[5.41514,53.43144],[5.55742,53.44356],[5.58262,53.43809],[5.32578,53.38574]]]}},{"type":"Feature","properties":{},"geometry":{"type":"Polygon","coordinates":[[[16.65068,42.99658],[16.83555,42.96865],[16.97109,42.98149],[17.09365,42.96435],[17.16982,42.93262],[17.18828,42.91704],[17.08936,42.91489],[16.97754,42.92778],[16.85068,42.89551],[16.73887,42.91274],[16.69639,42.93369],[16.66631,42.95991],[16.65068,42.99658]]]}},{"type":"Feature","properties":{},"geometry":{"type":"Polygon","coordinates":[[[17.19404,43.12578],[17.12412,43.11543],[16.6792,43.12315],[16.5498,43.1439],[16.40586,43.19736],[16.37646,43.21377],[16.52139,43.22925],[16.65596,43.21377],[16.69727,43.17495],[17.06113,43.1439],[17.19404,43.12578]]]}},{"type":"Feature","properties":{},"geometry":{"type":"Polygon","coordinates":[[[16.78525,43.27065],[16.62744,43.26807],[16.49033,43.28618],[16.42315,43.31724],[16.42813,43.34341],[16.44893,43.38706],[16.60156,43.38188],[16.83438,43.35083],[16.89131,43.31465],[16.87363,43.29795],[16.78525,43.27065]]]}},{"type":"Feature","properties":{},"geometry":{"type":"Polygon","coordinates":[[[-2.51231,49.49453],[-2.54736,49.42871],[-2.63901,49.45093],[-2.64614,49.46821],[-2.54219,49.50659],[-2.5209,49.5063],[-2.51231,49.49453]]]}},{"type":"Feature","properties":{},"geometry":{"type":"Polygon","coordinates":[[[-2.01865,49.23125],[-2.00991,49.18081],[-2.05376,49.16982],[-2.09102,49.1874],[-2.16567,49.1874],[-2.23584,49.17637],[-2.22051,49.26636],[-2.08223,49.25537],[-2.01865,49.23125]]]}},{"type":"Feature","properties":{},"geometry":{"type":"Polygon","coordinates":[[[47.98301,45.48823],[47.96768,45.46997],[47.92031,45.56206],[47.91758,45.61816],[47.94717,45.64707],[47.98711,45.55405],[47.98301,45.48823]]]}},{"type":"Feature","properties":{},"geometry":{"type":"Polygon","coordinates":[[[36.90166,25.38306],[36.87519,25.38306],[36.80508,25.45073],[36.76387,25.50059],[36.72207,25.53403],[36.53027,25.60156],[36.5043,25.64512],[36.53359,25.68872],[36.5541,25.64536],[36.58877,25.61982],[36.74756,25.55874],[36.92441,25.42554],[36.95479,25.41465],[36.90166,25.38306]]]}},{"type":"Feature","properties":{},"geometry":{"type":"Polygon","coordinates":[[[36.59551,25.71279],[36.58613,25.69922],[36.54395,25.73428],[36.54648,25.81162],[36.58272,25.85552],[36.57988,25.79541],[36.5956,25.73486],[36.59551,25.71279]]]}},{"type":"Feature","properties":{},"geometry":{"type":"Polygon","coordinates":[[[18.41621,59.0291],[18.37187,59.01958],[18.3499,59.02261],[18.37725,59.06904],[18.39756,59.08911],[18.46494,59.10786],[18.48555,59.10459],[18.41621,59.0291]]]}},{"type":"Feature","properties":{},"geometry":{"type":"Polygon","coordinates":[[[18.59541,59.47036],[18.57031,59.43726],[18.54512,59.47783],[18.55518,59.48579],[18.57236,59.52583],[18.6209,59.5478],[18.69844,59.53462],[18.69795,59.52461],[18.62383,59.49219],[18.59541,59.47036]]]}},{"type":"Feature","properties":{},"geometry":{"type":"Polygon","coordinates":[[[32.01221,46.20391],[32.1501,46.15469],[32.00937,46.16782],[31.7002,46.21406],[31.56387,46.25776],[31.52871,46.30659],[31.50879,46.37315],[31.58486,46.30317],[31.63848,46.27256],[32.01221,46.20391]]]}},{"type":"Feature","properties":{},"geometry":{"type":"Polygon","coordinates":[[[22.92373,58.8269],[22.8417,58.77744],[22.79287,58.79722],[22.76729,58.8209],[22.66143,58.70918],[22.54219,58.68999],[22.47266,58.71206],[22.47891,58.75381],[22.41103,58.86338],[22.30742,58.89546],[22.16191,58.89849],[22.05625,58.9436],[22.4626,58.97432],[22.50459,59.02647],[22.58721,59.0812],[22.64941,59.08711],[22.70225,59.07441],[22.71221,59.03198],[22.72549,59.01509],[22.90986,58.99121],[22.98164,58.91982],[23.00869,58.83394],[22.92373,58.8269]]]}},{"type":"Feature","properties":{},"geometry":{"type":"Polygon","coordinates":[[[23.34355,58.55034],[23.26035,58.53999],[23.06348,58.61108],[23.10908,58.65923],[23.16543,58.67813],[23.33281,58.64858],[23.35645,58.57554],[23.34355,58.55034]]]}},{"type":"Feature","properties":{},"geometry":{"type":"Polygon","coordinates":[[[27.84277,35.9293],[27.7706,35.9083],[27.7457,35.91103],[27.71553,35.95732],[27.75732,36.06919],[27.71865,36.14111],[27.71631,36.17158],[27.77441,36.21377],[27.81523,36.27695],[27.91445,36.34531],[28.17148,36.42622],[28.23184,36.43364],[28.23008,36.37026],[28.14404,36.20986],[28.06768,36.12969],[28.08779,36.06533],[27.96553,36.04751],[27.84277,35.9293]]]}},{"type":"Feature","properties":{},"geometry":{"type":"Polygon","coordinates":[[[27.17607,35.46528],[27.13789,35.40908],[27.09912,35.45645],[27.11582,35.51113],[27.0707,35.59775],[27.15605,35.72627],[27.15801,35.78867],[27.22314,35.82046],[27.20703,35.71445],[27.15723,35.62949],[27.20889,35.55894],[27.23359,35.47856],[27.17607,35.46528]]]}},{"type":"Feature","properties":{},"geometry":{"type":"Polygon","coordinates":[[[27.86016,36.55391],[27.83828,36.53799],[27.78809,36.58369],[27.78574,36.60752],[27.83682,36.63486],[27.8625,36.64116],[27.86982,36.62251],[27.86904,36.58267],[27.86016,36.55391]]]}},{"type":"Feature","properties":{},"geometry":{"type":"Polygon","coordinates":[[[27.01973,36.95903],[26.91992,36.94521],[26.9377,37.02461],[26.88867,37.08726],[26.9666,37.0521],[27.01602,37.00967],[27.04014,37.00156],[27.03457,36.97598],[27.01973,36.95903]]]}},{"type":"Feature","properties":{},"geometry":{"type":"Polygon","coordinates":[[[26.94961,36.7271],[26.91836,36.72593],[26.95557,36.77422],[27.06113,36.84038],[27.21494,36.89863],[27.26563,36.90513],[27.35215,36.8689],[27.19316,36.80913],[27.15098,36.77759],[27.03359,36.77075],[26.94961,36.7271]]]}},{"type":"Feature","properties":{},"geometry":{"type":"Polygon","coordinates":[[[25.5459,36.96758],[25.45674,36.92969],[25.3959,36.98438],[25.36191,37.07041],[25.52529,37.19639],[25.56435,37.18511],[25.58789,37.15254],[25.58428,37.03931],[25.5459,36.96758]]]}},{"type":"Feature","properties":{},"geometry":{"type":"Polygon","coordinates":[[[25.27891,37.06841],[25.19941,36.99131],[25.1333,36.99966],[25.10547,37.03496],[25.14648,37.10742],[25.23506,37.14854],[25.27529,37.13784],[25.27148,37.08418],[25.27891,37.06841]]]}},{"type":"Feature","properties":{},"geometry":{"type":"Polygon","coordinates":[[[25.48242,36.39263],[25.43594,36.34009],[25.37051,36.35894],[25.39717,36.37895],[25.41289,36.40488],[25.41465,36.44228],[25.39688,36.46533],[25.40898,36.47373],[25.46738,36.43506],[25.48242,36.39263]]]}},{"type":"Feature","properties":{},"geometry":{"type":"Polygon","coordinates":[[[25.38174,36.67402],[25.36435,36.65835],[25.28867,36.72153],[25.25996,36.75845],[25.2959,36.78916],[25.40693,36.71733],[25.38174,36.67402]]]}},{"type":"Feature","properties":{},"geometry":{"type":"Polygon","coordinates":[[[26.82441,37.81143],[26.94736,37.77847],[26.98154,37.78198],[27.03965,37.77002],[27.05508,37.70928],[26.97812,37.70049],[26.84492,37.64473],[26.78828,37.65698],[26.72051,37.70547],[26.61289,37.7105],[26.58105,37.72373],[26.63867,37.78086],[26.74336,37.80977],[26.82441,37.81143]]]}},{"type":"Feature","properties":{},"geometry":{"type":"Polygon","coordinates":[[[26.0293,37.5294],[25.98242,37.52559],[25.99678,37.56558],[26.08633,37.63491],[26.21152,37.63828],[26.32559,37.67305],[26.35137,37.67432],[26.29688,37.61958],[26.20488,37.56851],[26.0293,37.5294]]]}},{"type":"Feature","properties":{},"geometry":{"type":"Polygon","coordinates":[[[25.85938,36.79043],[25.77109,36.78223],[25.74316,36.78975],[25.79678,36.80703],[25.83438,36.82539],[25.85244,36.84756],[25.94199,36.88657],[26.00068,36.9374],[26.06445,36.90273],[25.98467,36.87969],[25.85938,36.79043]]]}},{"type":"Feature","properties":{},"geometry":{"type":"Polygon","coordinates":[[[26.46064,36.5854],[26.38164,36.56152],[26.33144,36.51138],[26.27002,36.54692],[26.26982,36.59541],[26.33701,36.58057],[26.38418,36.60786],[26.37002,36.63857],[26.42129,36.62422],[26.46064,36.5854]]]}},{"type":"Feature","properties":{},"geometry":{"type":"Polygon","coordinates":[[[24.35596,37.57686],[24.28897,37.52827],[24.27744,37.60112],[24.32041,37.67773],[24.3791,37.68272],[24.40078,37.64902],[24.35596,37.57686]]]}},{"type":"Feature","properties":{},"geometry":{"type":"Polygon","coordinates":[[[24.43574,37.34443],[24.37891,37.31411],[24.39775,37.38345],[24.36973,37.41963],[24.39482,37.45039],[24.43125,37.47519],[24.44853,37.44956],[24.48145,37.40801],[24.43574,37.34443]]]}},{"type":"Feature","properties":{},"geometry":{"type":"Polygon","coordinates":[[[24.53574,36.76377],[24.5375,36.70503],[24.53066,36.68398],[24.32598,36.65561],[24.34492,36.723],[24.35742,36.74429],[24.42519,36.71294],[24.4502,36.72895],[24.46035,36.74746],[24.53574,36.76377]]]}},{"type":"Feature","properties":{},"geometry":{"type":"Polygon","coordinates":[[[24.94287,37.49351],[24.93789,37.3897],[24.91152,37.39058],[24.89619,37.40659],[24.89531,37.44634],[24.90654,37.50889],[24.94287,37.49351]]]}},{"type":"Feature","properties":{},"geometry":{"type":"Polygon","coordinates":[[[24.9917,37.75962],[24.96221,37.69238],[24.88408,37.77051],[24.79854,37.82402],[24.7665,37.8707],[24.71436,37.89888],[24.7002,37.96167],[24.76338,37.9875],[24.79043,37.99014],[24.85508,37.91367],[24.95635,37.90478],[24.94844,37.85767],[24.98047,37.79692],[24.9917,37.75962]]]}},{"type":"Feature","properties":{},"geometry":{"type":"Polygon","coordinates":[[[25.25586,37.59961],[25.21875,37.53511],[25.15635,37.54507],[25.05195,37.61445],[25.01631,37.64595],[24.99648,37.6769],[25.03936,37.68066],[25.0918,37.648],[25.22539,37.63066],[25.25586,37.59961]]]}},{"type":"Feature","properties":{},"geometry":{"type":"Polygon","coordinates":[[[24.7209,36.92144],[24.70264,36.91709],[24.67647,36.95928],[24.671,36.99858],[24.68145,37.02163],[24.71611,37.02383],[24.76318,36.94922],[24.7209,36.92144]]]}},{"type":"Feature","properties":{},"geometry":{"type":"Polygon","coordinates":[[[26.09404,38.21807],[25.99854,38.16152],[25.8919,38.24331],[25.87432,38.26963],[25.95264,38.30264],[25.99141,38.35352],[25.95996,38.41602],[25.85127,38.5084],[25.84609,38.57402],[26.0125,38.60171],[26.11045,38.54463],[26.16035,38.54072],[26.14121,38.48618],[26.14961,38.46846],[26.15703,38.30293],[26.11074,38.27964],[26.10312,38.23418],[26.09404,38.21807]]]}},{"type":"Feature","properties":{},"geometry":{"type":"Polygon","coordinates":[[[26.41016,39.32944],[26.39277,39.27012],[26.53105,39.17178],[26.57822,39.10952],[26.5956,39.04883],[26.58398,39.03144],[26.53154,39.06435],[26.48867,39.0748],[26.50313,39.03144],[26.54717,38.99414],[26.46875,38.9728],[26.39014,38.97393],[26.16084,39.02588],[26.10791,39.08105],[26.24512,39.16411],[26.27314,39.19756],[26.17598,39.19429],[26.07236,39.0956],[25.90625,39.13896],[25.85547,39.17866],[25.84414,39.20005],[25.90957,39.28755],[26.02647,39.28462],[26.08838,39.3043],[26.16484,39.33198],[26.16543,39.37353],[26.34775,39.38301],[26.41016,39.32944]]]}},{"type":"Feature","properties":{},"geometry":{"type":"Polygon","coordinates":[[[23.77979,39.1144],[23.73516,39.08057],[23.66611,39.09536],[23.59395,39.20859],[23.77979,39.1144]]]}},{"type":"Feature","properties":{},"geometry":{"type":"Polygon","coordinates":[[[23.88799,39.1583],[23.84121,39.14658],[23.88809,39.22637],[23.9709,39.26772],[23.93975,39.20054],[23.88799,39.1583]]]}},{"type":"Feature","properties":{},"geometry":{"type":"Polygon","coordinates":[[[24.67471,38.80923],[24.56904,38.78481],[24.54102,38.78867],[24.56455,38.81943],[24.56641,38.83237],[24.46103,38.88862],[24.47344,38.96167],[24.48565,38.98027],[24.56406,38.94224],[24.58125,38.87886],[24.67471,38.80923]]]}},{"type":"Feature","properties":{},"geometry":{"type":"Polygon","coordinates":[[[25.68574,40.42656],[25.57266,40.40044],[25.44805,40.48281],[25.56855,40.51587],[25.62432,40.49199],[25.66426,40.46387],[25.68574,40.42656]]]}},{"type":"Feature","properties":{},"geometry":{"type":"Polygon","coordinates":[[[25.4377,39.9833],[25.3999,39.94956],[25.37207,39.89131],[25.35703,39.8081],[25.29873,39.8061],[25.26338,39.82295],[25.25176,39.85439],[25.24941,39.89414],[25.22383,39.89258],[25.20322,39.84941],[25.18516,39.82993],[25.12646,39.82583],[25.06221,39.85239],[25.06523,39.90986],[25.05234,39.97637],[25.05801,39.99966],[25.23418,40.00542],[25.28574,39.9563],[25.34805,39.98477],[25.37363,40.01553],[25.44912,40.03481],[25.4377,39.9833]]]}},{"type":"Feature","properties":{},"geometry":{"type":"Polygon","coordinates":[[[24.77422,40.61519],[24.6459,40.57944],[24.51553,40.64702],[24.5167,40.68721],[24.58555,40.76875],[24.62334,40.79292],[24.71914,40.78628],[24.77363,40.73027],[24.78633,40.70386],[24.76865,40.65889],[24.77422,40.61519]]]}},{"type":"Feature","properties":{},"geometry":{"type":"Polygon","coordinates":[[[25.97002,40.13633],[25.74023,40.10547],[25.66895,40.13589],[25.74092,40.19629],[25.8748,40.23369],[25.91836,40.23799],[25.97705,40.17783],[25.97002,40.13633]]]}},{"type":"Feature","properties":{},"geometry":{"type":"Polygon","coordinates":[[[-17.19087,32.8686],[-17.05449,32.81587],[-16.9292,32.84141],[-16.77398,32.77354],[-16.69326,32.75801],[-16.76528,32.70972],[-16.8374,32.64829],[-17.01826,32.66279],[-17.17119,32.72187],[-17.22602,32.76685],[-17.24102,32.80737],[-17.19087,32.8686]]]}},{"type":"Feature","properties":{},"geometry":{"type":"Polygon","coordinates":[[[-16.33447,28.37993],[-16.41821,28.15142],[-16.49624,28.06191],[-16.54277,28.03208],[-16.65801,28.00718],[-16.79473,28.14917],[-16.86602,28.29326],[-16.90532,28.3396],[-16.84307,28.37612],[-16.75205,28.36982],[-16.55684,28.40049],[-16.51743,28.41269],[-16.31899,28.5582],[-16.12363,28.57598],[-16.11914,28.52827],[-16.33447,28.37993]]]}},{"type":"Feature","properties":{},"geometry":{"type":"Polygon","coordinates":[[[-13.71597,28.91123],[-13.78398,28.84546],[-13.85991,28.86909],[-13.82363,29.01333],[-13.78818,29.0561],[-13.6501,29.11899],[-13.53506,29.14429],[-13.50142,29.21123],[-13.46357,29.23721],[-13.42295,29.19751],[-13.45376,29.15137],[-13.47793,29.00659],[-13.55469,28.9602],[-13.71597,28.91123]]]}},{"type":"Feature","properties":{},"geometry":{"type":"Polygon","coordinates":[[[-14.19678,28.16929],[-14.33262,28.05601],[-14.4686,28.08237],[-14.4918,28.10093],[-14.35557,28.12969],[-14.23198,28.21582],[-14.15259,28.40664],[-14.02837,28.61743],[-14.00337,28.70669],[-13.95415,28.74145],[-13.88628,28.74468],[-13.85723,28.73804],[-13.82715,28.69121],[-13.82759,28.58516],[-13.86299,28.40933],[-13.92803,28.25347],[-14.19678,28.16929]]]}},{"type":"Feature","properties":{},"geometry":{"type":"Polygon","coordinates":[[[-15.40059,28.14736],[-15.40669,28.07051],[-15.38315,27.99282],[-15.38916,27.87471],[-15.43677,27.81069],[-15.55937,27.74697],[-15.65576,27.7584],[-15.7103,27.78408],[-15.80732,27.88755],[-15.80947,27.99448],[-15.72095,28.06416],[-15.68276,28.15405],[-15.45278,28.13691],[-15.43271,28.15425],[-15.41548,28.15933],[-15.40059,28.14736]]]}},{"type":"Feature","properties":{},"geometry":{"type":"Polygon","coordinates":[[[-17.18467,28.02197],[-17.22539,28.01353],[-17.27393,28.03828],[-17.3249,28.11768],[-17.29033,28.17632],[-17.25859,28.20317],[-17.21436,28.19927],[-17.12964,28.15596],[-17.10376,28.11113],[-17.10107,28.08345],[-17.18467,28.02197]]]}},{"type":"Feature","properties":{},"geometry":{"type":"Polygon","coordinates":[[[-17.88794,27.80957],[-17.98477,27.64639],[-18.10659,27.70747],[-18.13594,27.72793],[-18.16055,27.76148],[-18.04336,27.76812],[-17.92451,27.85015],[-17.88794,27.80957]]]}},{"type":"Feature","properties":{},"geometry":{"type":"Polygon","coordinates":[[[-17.83428,28.49321],[-17.85938,28.48569],[-17.88213,28.5646],[-18.00078,28.75825],[-17.92881,28.84458],[-17.79756,28.84678],[-17.74453,28.78657],[-17.72656,28.72446],[-17.75161,28.68857],[-17.74439,28.61602],[-17.75801,28.56909],[-17.83428,28.49321]]]}},{"type":"Feature","properties":{},"geometry":{"type":"Polygon","coordinates":[[[11.27803,34.75381],[11.12363,34.68169],[11.15303,34.74458],[11.25488,34.82031],[11.28106,34.8022],[11.27803,34.75381]]]}},{"type":"Feature","properties":{},"geometry":{"type":"Polygon","coordinates":[[[10.95762,33.72207],[10.93135,33.71743],[10.88301,33.69019],[10.85742,33.68716],[10.78477,33.71768],[10.75703,33.71748],[10.72207,33.73892],[10.73389,33.85562],[10.74521,33.88867],[10.92197,33.89312],[11.01787,33.82334],[11.03359,33.80503],[11.0376,33.78506],[10.99307,33.74595],[10.95762,33.72207]]]}},{"type":"Feature","properties":{},"geometry":{"type":"Polygon","coordinates":[[[-4.41206,54.18535],[-4.61426,54.05869],[-4.69609,54.08145],[-4.76577,54.06943],[-4.78535,54.07305],[-4.74556,54.1188],[-4.69873,54.2249],[-4.61484,54.26694],[-4.50864,54.37671],[-4.42471,54.40718],[-4.39556,54.40293],[-4.3772,54.39258],[-4.33799,54.26909],[-4.39229,54.22539],[-4.41206,54.18535]]]}},{"type":"Feature","properties":{},"geometry":{"type":"Polygon","coordinates":[[[-6.60762,56.58501],[-6.66445,56.57944],[-6.66855,56.5936],[-6.56992,56.66123],[-6.50605,56.67236],[-6.48369,56.66577],[-6.53008,56.62661],[-6.60762,56.58501]]]}},{"type":"Feature","properties":{},"geometry":{"type":"Polygon","coordinates":[[[-5.10542,55.44883],[-5.23149,55.4481],[-5.27705,55.45674],[-5.33149,55.48105],[-5.39268,55.61836],[-5.3708,55.66694],[-5.3457,55.69072],[-5.31811,55.70918],[-5.25161,55.71694],[-5.18545,55.69097],[-5.1604,55.6668],[-5.10498,55.57397],[-5.09473,55.49434],[-5.10542,55.44883]]]}},{"type":"Feature","properties":{},"geometry":{"type":"Polygon","coordinates":[[[-5.77788,56.34434],[-6.17617,56.28872],[-6.31343,56.29365],[-6.32583,56.32095],[-6.29849,56.33916],[-6.18486,56.35688],[-6.13887,56.49063],[-6.31065,56.55215],[-6.31968,56.56943],[-6.30625,56.59878],[-6.28633,56.61187],[-6.18208,56.64297],[-6.13828,56.64985],[-6.10273,56.64565],[-6.02959,56.60981],[-5.94668,56.53452],[-5.83603,56.52256],[-5.76084,56.49067],[-5.77788,56.34434]]]}},{"type":"Feature","properties":{},"geometry":{"type":"Polygon","coordinates":[[[-6.12891,55.93057],[-6.09282,55.80215],[-6.05762,55.72251],[-6.05532,55.69531],[-6.08838,55.65752],[-6.25317,55.60723],[-6.30508,55.60693],[-6.30723,55.61914],[-6.27002,55.67031],[-6.30205,55.72837],[-6.28643,55.77251],[-6.30176,55.78061],[-6.33389,55.77437],[-6.45195,55.70425],[-6.49136,55.69731],[-6.49565,55.71157],[-6.46645,55.76899],[-6.46284,55.80825],[-6.44526,55.83237],[-6.41318,55.85464],[-6.37495,55.87134],[-6.34414,55.87373],[-6.31128,55.85649],[-6.21567,55.90459],[-6.12891,55.93057]]]}},{"type":"Feature","properties":{},"geometry":{"type":"Polygon","coordinates":[[[-5.97007,55.81455],[-5.99092,55.80381],[-6.04155,55.80679],[-6.06035,55.8229],[-6.0707,55.84766],[-6.07197,55.89312],[-6.04131,55.92563],[-5.91177,55.97476],[-5.97031,55.99219],[-5.97266,56.00444],[-5.93906,56.04526],[-5.79961,56.10879],[-5.76226,56.12031],[-5.72515,56.11856],[-5.79722,56.00561],[-5.97007,55.81455]]]}},{"type":"Feature","properties":{},"geometry":{"type":"Polygon","coordinates":[[[-1.04253,60.51387],[-1.06787,60.50229],[-1.16553,60.60391],[-1.09331,60.72022],[-1.00561,60.7165],[-0.99165,60.68603],[-1.00034,60.65801],[-1.04502,60.65552],[-1.04902,60.64692],[-1.03511,60.59292],[-1.03423,60.53018],[-1.04253,60.51387]]]}},{"type":"Feature","properties":{},"geometry":{"type":"Polygon","coordinates":[[[-1.30811,60.5375],[-1.2874,60.46704],[-1.23574,60.4853],[-1.15776,60.41772],[-1.11797,60.41763],[-1.05244,60.44448],[-1.06567,60.38159],[-1.13369,60.20698],[-1.15278,60.17734],[-1.16572,60.12427],[-1.17925,60.11392],[-1.19932,60.00659],[-1.24531,59.97124],[-1.28379,59.88691],[-1.29946,59.87866],[-1.35586,59.91113],[-1.29951,60.03984],[-1.27617,60.11465],[-1.29092,60.15347],[-1.3228,60.18838],[-1.40903,60.1895],[-1.48149,60.17339],[-1.49687,60.19399],[-1.49912,60.22178],[-1.5166,60.23101],[-1.61304,60.2291],[-1.64136,60.23677],[-1.66006,60.26226],[-1.66377,60.28252],[-1.57666,60.29839],[-1.49443,60.29248],[-1.37461,60.33291],[-1.44956,60.46856],[-1.54883,60.4813],[-1.57178,60.49443],[-1.55264,60.51743],[-1.49815,60.52983],[-1.41421,60.59873],[-1.36397,60.60957],[-1.30171,60.60767],[-1.30811,60.5375]]]}},{"type":"Feature","properties":{},"geometry":{"type":"Polygon","coordinates":[[[-0.77427,60.81196],[-0.77432,60.80049],[-0.82617,60.71616],[-0.82549,60.68394],[-0.90913,60.68701],[-0.92227,60.69727],[-0.93809,60.74565],[-0.92754,60.79717],[-0.91582,60.81045],[-0.89141,60.81592],[-0.86494,60.80581],[-0.82344,60.83188],[-0.80181,60.83125],[-0.77427,60.81196]]]}},{"type":"Feature","properties":{},"geometry":{"type":"Polygon","coordinates":[[[-3.16494,58.79419],[-3.22212,58.78096],[-3.27881,58.78193],[-3.36719,58.83975],[-3.40083,58.88179],[-3.39473,58.90962],[-3.35742,58.91899],[-3.27192,58.90527],[-3.22764,58.85718],[-3.22212,58.82588],[-3.21162,58.81357],[-3.15855,58.80122],[-3.16494,58.79419]]]}},{"type":"Feature","properties":{},"geometry":{"type":"Polygon","coordinates":[[[-4.19678,53.32144],[-4.15488,53.30283],[-4.04936,53.30576],[-4.08428,53.26431],[-4.20039,53.21807],[-4.27861,53.17241],[-4.37305,53.13418],[-4.41885,53.17803],[-4.47197,53.17637],[-4.55322,53.26045],[-4.56787,53.38647],[-4.46172,53.41929],[-4.31509,53.41724],[-4.19678,53.32144]]]}},{"type":"Feature","properties":{},"geometry":{"type":"Polygon","coordinates":[[[-2.54888,59.23135],[-2.66206,59.23018],[-2.60361,59.28931],[-2.53565,59.30415],[-2.40698,59.29756],[-2.42983,59.27105],[-2.54888,59.23135]]]}},{"type":"Feature","properties":{},"geometry":{"type":"Polygon","coordinates":[[[-2.92939,58.7416],[-2.93897,58.73862],[-2.97539,58.75693],[-3.03545,58.82266],[-2.94121,58.83569],[-2.89644,58.82759],[-2.91309,58.79961],[-2.92939,58.7416]]]}},{"type":"Feature","properties":{},"geometry":{"type":"Polygon","coordinates":[[[-3.05742,59.02964],[-3.0707,59.00498],[-2.99468,59.00557],[-2.88457,58.98452],[-2.81792,58.98188],[-2.76245,58.95581],[-2.79302,58.90693],[-2.82622,58.89326],[-2.86377,58.89053],[-2.99482,58.93935],[-3.1666,58.91909],[-3.20078,58.92529],[-3.22334,58.93877],[-3.23262,58.95552],[-3.23281,58.98965],[-3.24214,58.99971],[-3.30435,58.96743],[-3.33164,58.97124],[-3.34707,58.98672],[-3.35371,59.01875],[-3.34683,59.06499],[-3.31035,59.13081],[-3.24858,59.14395],[-3.15649,59.13633],[-3.05112,59.09902],[-3.01924,59.07603],[-3.02002,59.05767],[-3.05742,59.02964]]]}},{"type":"Feature","properties":{},"geometry":{"type":"Polygon","coordinates":[[[-6.62319,61.80596],[-6.64277,61.76831],[-6.67017,61.76865],[-6.76426,61.81533],[-6.83916,61.84077],[-6.86397,61.86226],[-6.88477,61.89912],[-6.8418,61.90371],[-6.79077,61.89536],[-6.66211,61.86177],[-6.62583,61.82671],[-6.62319,61.80596]]]}},{"type":"Feature","properties":{},"geometry":{"type":"Polygon","coordinates":[[[-6.69946,61.44463],[-6.67969,61.41431],[-6.70303,61.41768],[-6.77051,61.45225],[-6.88814,61.53477],[-6.92925,61.60293],[-6.93486,61.63433],[-6.90591,61.63081],[-6.88164,61.60278],[-6.77002,61.58438],[-6.74062,61.57051],[-6.74106,61.53638],[-6.70352,61.49595],[-6.69946,61.44463]]]}},{"type":"Feature","properties":{},"geometry":{"type":"Polygon","coordinates":[[[-7.18687,62.13931],[-7.09712,62.10054],[-7.06519,62.07324],[-7.1168,62.04683],[-7.1794,62.04004],[-7.25493,62.04614],[-7.3791,62.0748],[-7.42261,62.14028],[-7.33677,62.13867],[-7.2353,62.15122],[-7.18687,62.13931]]]}},{"type":"Feature","properties":{},"geometry":{"type":"Polygon","coordinates":[[[-6.63105,62.22788],[-6.65581,62.0936],[-6.69644,62.09434],[-6.7689,62.13149],[-6.82344,62.13911],[-6.84053,62.11929],[-6.8377,62.09541],[-6.80947,62.08042],[-6.72256,61.99038],[-6.7144,61.96416],[-6.7252,61.95146],[-6.80972,61.97744],[-7.01357,62.09399],[-7.17217,62.2856],[-6.95864,62.31626],[-6.80366,62.26597],[-6.63105,62.22788]]]}},{"type":"Feature","properties":{},"geometry":{"type":"Polygon","coordinates":[[[-2.72939,59.18677],[-2.81523,59.16191],[-2.85186,59.18247],[-2.86143,59.24683],[-2.96377,59.27437],[-3.01348,59.29145],[-3.05205,59.32388],[-3.04224,59.33384],[-2.97554,59.34712],[-2.86162,59.28833],[-2.81504,59.24082],[-2.73066,59.22676],[-2.71992,59.21948],[-2.72939,59.18677]]]}},{"type":"Feature","properties":{},"geometry":{"type":"Polygon","coordinates":[[[-6.40606,62.25864],[-6.45386,62.18652],[-6.52471,62.19785],[-6.54414,62.20562],[-6.55947,62.22451],[-6.55205,62.27813],[-6.55459,62.35566],[-6.47305,62.29189],[-6.40606,62.25864]]]}},{"type":"Feature","properties":{},"geometry":{"type":"Polygon","coordinates":[[[-6.19868,58.36328],[-6.32583,58.18887],[-6.37559,58.18457],[-6.41929,58.14097],[-6.55459,58.09287],[-6.43652,58.0919],[-6.40337,58.07588],[-6.40244,58.04136],[-6.4252,58.02129],[-6.57813,57.94136],[-6.6833,57.91103],[-6.79658,57.82754],[-6.85376,57.82651],[-6.91035,57.77339],[-6.95693,57.75005],[-6.98311,57.75],[-7.01318,57.76177],[-7.08345,57.81377],[-6.95596,57.86489],[-6.94414,57.89365],[-6.85684,57.92354],[-6.86416,57.93286],[-7.00254,57.9749],[-7.05708,58.00317],[-7.0519,58.01797],[-6.9853,58.05049],[-7.01689,58.05479],[-7.03823,58.07231],[-7.0769,58.079],[-7.08848,58.09536],[-7.0956,58.13828],[-7.08525,58.18218],[-7.04492,58.20156],[-7.02842,58.22231],[-7.01206,58.22871],[-6.94956,58.21768],[-6.88623,58.18257],[-6.81231,58.19609],[-6.72647,58.1894],[-6.72471,58.19756],[-6.78774,58.28389],[-6.77646,58.30151],[-6.74228,58.32163],[-6.54419,58.38315],[-6.29717,58.48662],[-6.23745,58.50283],[-6.21943,58.48872],[-6.19424,58.43511],[-6.19868,58.36328]]]}},{"type":"Feature","properties":{},"geometry":{"type":"Polygon","coordinates":[[[-6.27905,56.9647],[-6.30874,56.95181],[-6.34624,56.9543],[-6.3834,56.9709],[-6.43262,57.01792],[-6.32236,57.05054],[-6.27822,57.0314],[-6.26128,57.00952],[-6.26055,56.98525],[-6.27905,56.9647]]]}},{"type":"Feature","properties":{},"geometry":{"type":"Polygon","coordinates":[[[-6.14473,57.50498],[-6.14614,57.46079],[-6.16377,57.40884],[-6.14082,57.35366],[-6.13555,57.31426],[-6.09341,57.30171],[-6.06763,57.28354],[-5.88027,57.26323],[-5.70601,57.26895],[-5.67246,57.25269],[-5.66865,57.2269],[-5.69619,57.19844],[-5.79541,57.14653],[-5.91377,57.06265],[-5.94907,57.04517],[-5.98731,57.04443],[-6.01475,57.05195],[-6.03437,57.20122],[-6.16274,57.18213],[-6.26611,57.18433],[-6.32271,57.20249],[-6.3624,57.2375],[-6.44243,57.32749],[-6.67544,57.36289],[-6.74131,57.41245],[-6.76113,57.44238],[-6.75273,57.45894],[-6.7042,57.49575],[-6.64346,57.48262],[-6.60586,57.49067],[-6.58301,57.50713],[-6.5835,57.52065],[-6.61528,57.55273],[-6.6168,57.56269],[-6.37852,57.60332],[-6.35767,57.6668],[-6.30596,57.67197],[-6.24692,57.65122],[-6.16606,57.5853],[-6.14473,57.50498]]]}},{"type":"Feature","properties":{},"geometry":{"type":"Polygon","coordinates":[[[-7.20557,57.68296],[-7.09277,57.62666],[-7.18262,57.5333],[-7.32056,57.53374],[-7.51475,57.60195],[-7.51563,57.61587],[-7.49941,57.63633],[-7.47031,57.65254],[-7.44004,57.6564],[-7.39189,57.64522],[-7.32485,57.66313],[-7.27119,57.65747],[-7.20557,57.68296]]]}},{"type":"Feature","properties":{},"geometry":{"type":"Polygon","coordinates":[[[-7.24985,57.11533],[-7.29204,57.10977],[-7.34741,57.11514],[-7.38149,57.13066],[-7.41592,57.19214],[-7.42236,57.22935],[-7.40703,57.29849],[-7.41055,57.3811],[-7.29639,57.38369],[-7.26714,57.37178],[-7.24756,57.12637],[-7.24985,57.11533]]]}},{"type":"Feature","properties":{},"geometry":{"type":"Polygon","coordinates":[[[-9.94815,53.91338],[-9.95254,53.88462],[-10.02651,53.92031],[-10.06231,53.95977],[-10.26582,53.97773],[-10.18115,54.01699],[-10.13984,54.00527],[-9.99634,54.00337],[-9.95615,53.98735],[-9.94815,53.91338]]]}},{"type":"Feature","properties":{},"geometry":{"type":"Polygon","coordinates":[[[-7.4169,56.96543],[-7.50479,56.95166],[-7.5374,56.95972],[-7.54297,56.97236],[-7.52295,57.00679],[-7.45547,57.01895],[-7.40669,57.00029],[-7.39893,56.98335],[-7.4169,56.96543]]]}},{"type":"Feature","properties":{},"geometry":{"type":"Polygon","coordinates":[[[21.99424,60.33667],[21.92148,60.33228],[21.81865,60.38184],[21.80566,60.40122],[21.846,60.41245],[21.81934,60.45229],[21.82725,60.46992],[21.90684,60.43848],[21.95029,60.40171],[21.90781,60.39316],[21.97978,60.35522],[21.99424,60.33667]]]}},{"type":"Feature","properties":{},"geometry":{"type":"Polygon","coordinates":[[[19.6623,60.18716],[19.66748,60.16475],[19.6292,60.17036],[19.5998,60.16269],[19.57988,60.13506],[19.53652,60.14497],[19.51904,60.18457],[19.55137,60.24385],[19.62881,60.24609],[19.6623,60.18716]]]}},{"type":"Feature","properties":{},"geometry":{"type":"Polygon","coordinates":[[[19.98955,60.35117],[20.02022,60.35088],[20.03389,60.35933],[20.0874,60.35342],[20.16787,60.3147],[20.18408,60.29375],[20.23955,60.28301],[20.25889,60.26128],[20.19473,60.19356],[20.15508,60.19228],[20.12549,60.20088],[20.07324,60.19346],[20.04258,60.18066],[20.03232,60.15249],[20.03398,60.09356],[19.7998,60.08174],[19.746,60.09898],[19.67227,60.23301],[19.68691,60.26763],[19.73652,60.28237],[19.779,60.28555],[19.78525,60.21338],[19.84766,60.22056],[19.86719,60.26812],[19.87158,60.30161],[19.85469,60.31851],[19.8123,60.33159],[19.78779,60.35405],[19.82305,60.39019],[19.88828,60.40581],[19.94453,60.35752],[19.98955,60.35117]]]}},{"type":"Feature","properties":{},"geometry":{"type":"Polygon","coordinates":[[[21.21777,63.24131],[21.22852,63.22266],[21.28711,63.22778],[21.36602,63.26177],[21.42197,63.2459],[21.41562,63.19736],[21.37764,63.19922],[21.36719,63.20723],[21.31846,63.17949],[21.30977,63.16269],[21.25342,63.152],[21.14932,63.19946],[21.08389,63.27754],[21.23633,63.27773],[21.22178,63.25913],[21.21777,63.24131]]]}},{"type":"Feature","properties":{},"geometry":{"type":"Polygon","coordinates":[[[19.15635,57.92261],[19.13838,57.86025],[19.08652,57.86499],[19.03926,57.91103],[19.13486,57.98135],[19.28115,57.97754],[19.33144,57.96289],[19.15635,57.92261]]]}},{"type":"Feature","properties":{},"geometry":{"type":"Polygon","coordinates":[[[16.52852,56.29053],[16.47715,56.24019],[16.43164,56.24375],[16.40127,56.31089],[16.39414,56.48364],[16.4123,56.56899],[16.63037,56.87685],[16.72773,56.902],[16.86465,57.09067],[16.90156,57.17461],[16.96094,57.25019],[16.996,57.31777],[17.02539,57.34507],[17.08926,57.33228],[17.11768,57.31982],[17.05039,57.28047],[17.0582,57.22925],[17.05352,57.20801],[16.88369,56.98521],[16.83828,56.84053],[16.77803,56.80523],[16.52852,56.29053]]]}},{"type":"Feature","properties":{},"geometry":{"type":"Polygon","coordinates":[[[15.0877,55.02188],[15.05078,55.00493],[14.88555,55.03296],[14.68418,55.10225],[14.71367,55.23804],[14.76533,55.29673],[15.13262,55.14453],[15.13711,55.08716],[15.0877,55.02188]]]}},{"type":"Feature","properties":{},"geometry":{"type":"Polygon","coordinates":[[[13.70918,54.38271],[13.73418,54.31543],[13.70732,54.28115],[13.59492,54.33818],[13.48203,54.3374],[13.41455,54.24956],[13.36435,54.24585],[13.19004,54.32563],[13.16211,54.36455],[13.15635,54.39692],[13.18125,54.50898],[13.17666,54.54424],[13.23145,54.58276],[13.23994,54.63843],[13.33682,54.69712],[13.42275,54.69932],[13.4501,54.64961],[13.49121,54.61538],[13.63603,54.577],[13.65762,54.55957],[13.6707,54.53545],[13.60332,54.48818],[13.58047,54.46397],[13.60186,54.42515],[13.70918,54.38271]]]}},{"type":"Feature","properties":{},"geometry":{"type":"Polygon","coordinates":[[[12.54922,54.96577],[12.51103,54.95088],[12.35752,54.96182],[12.18447,54.89248],[12.11885,54.9144],[12.14365,54.95869],[12.16172,54.97481],[12.21992,54.9936],[12.25879,55.02109],[12.27402,55.06411],[12.31006,55.04092],[12.41719,55.0312],[12.46953,55.01748],[12.51328,54.99731],[12.54922,54.96577]]]}},{"type":"Feature","properties":{},"geometry":{"type":"Polygon","coordinates":[[[12.66572,55.59653],[12.57158,55.554],[12.55088,55.55625],[12.52031,55.6146],[12.56992,55.6501],[12.59922,55.68023],[12.62002,55.67935],[12.64844,55.64678],[12.66572,55.59653]]]}},{"type":"Feature","properties":{},"geometry":{"type":"Polygon","coordinates":[[[11.36143,54.89165],[11.53838,54.82959],[11.65811,54.83315],[11.73955,54.80742],[11.75898,54.76768],[11.76592,54.67944],[11.68037,54.65371],[11.58594,54.66245],[11.45742,54.62886],[11.03555,54.7731],[11.0417,54.89336],[11.05859,54.94058],[11.2585,54.95181],[11.36143,54.89165]]]}},{"type":"Feature","properties":{},"geometry":{"type":"Polygon","coordinates":[[[10.48438,54.84756],[10.41728,54.83716],[10.34053,54.85894],[10.21562,54.94097],[10.1999,54.96274],[10.26553,54.94883],[10.34697,54.90596],[10.41367,54.89683],[10.50488,54.86055],[10.48438,54.84756]]]}},{"type":"Feature","properties":{},"geometry":{"type":"Polygon","coordinates":[[[10.06123,54.88638],[9.95713,54.87246],[9.90391,54.89663],[9.80625,54.90601],[9.77119,55.05991],[9.78125,55.06904],[9.83037,55.05825],[9.99883,54.98647],[10.05771,54.90791],[10.06123,54.88638]]]}},{"type":"Feature","properties":{},"geometry":{"type":"Polygon","coordinates":[[[10.73408,54.75073],[10.68975,54.74507],[10.62949,54.82607],[10.62168,54.85142],[10.69248,54.90327],[10.73828,54.96201],[10.85674,55.0522],[10.925,55.15786],[10.95107,55.1562],[10.9208,55.06211],[10.76523,54.79966],[10.73408,54.75073]]]}},{"type":"Feature","properties":{},"geometry":{"type":"Polygon","coordinates":[[[10.60732,55.78306],[10.59033,55.76509],[10.52695,55.78379],[10.52031,55.84849],[10.54434,55.90659],[10.51611,55.95855],[10.54717,55.99194],[10.63633,55.91416],[10.66172,55.87759],[10.62734,55.83389],[10.60732,55.78306]]]}},{"type":"Feature","properties":{},"geometry":{"type":"Polygon","coordinates":[[[11.28281,54.41797],[11.1293,54.41602],[11.0707,54.45601],[11.01172,54.46616],[11.04346,54.51548],[11.08496,54.5334],[11.23359,54.50127],[11.28027,54.43838],[11.28281,54.41797]]]}},{"type":"Feature","properties":{},"geometry":{"type":"Polygon","coordinates":[[[11.05215,57.25254],[11.01143,57.2291],[10.87383,57.26226],[10.93457,57.30859],[11.08574,57.32993],[11.17451,57.3229],[11.07686,57.2769],[11.05215,57.25254]]]}},{"type":"Feature","properties":{},"geometry":{"type":"Polygon","coordinates":[[[8.30771,54.78696],[8.28467,54.76709],[8.2957,54.9083],[8.40518,55.05874],[8.45147,55.05537],[8.4041,55.01475],[8.39043,54.98628],[8.37119,54.92939],[8.37988,54.89985],[8.62959,54.89175],[8.60059,54.86538],[8.34736,54.84761],[8.30771,54.78696]]]}},{"type":"Feature","properties":{},"geometry":{"type":"Polygon","coordinates":[[[-1.17832,45.90405],[-1.21357,45.8166],[-1.28027,45.89712],[-1.3687,45.96768],[-1.38887,46.03296],[-1.38867,46.05039],[-1.28506,46.00269],[-1.17832,45.90405]]]}},{"type":"Feature","properties":{},"geometry":{"type":"Polygon","coordinates":[[[-1.06558,50.69023],[-1.14936,50.65571],[-1.17583,50.61523],[-1.19609,50.59922],[-1.25147,50.58882],[-1.3063,50.58852],[-1.51533,50.66978],[-1.56343,50.66611],[-1.51567,50.70332],[-1.38584,50.73354],[-1.31279,50.77349],[-1.14424,50.73472],[-1.06558,50.69023]]]}},{"type":"Feature","properties":{},"geometry":{"type":"Polygon","coordinates":[[[4.88613,53.0707],[4.78711,52.99981],[4.72676,53.01963],[4.70918,53.03603],[4.73984,53.09131],[4.88643,53.1833],[4.88613,53.0707]]]}},{"type":"Feature","properties":{},"geometry":{"type":"Polygon","coordinates":[[[10.39512,42.85815],[10.42832,42.81919],[10.43223,42.79658],[10.40996,42.771],[10.41934,42.71318],[10.33564,42.76113],[10.20898,42.73691],[10.13125,42.74204],[10.10977,42.78506],[10.12754,42.8103],[10.24824,42.81577],[10.28574,42.82808],[10.35898,42.82231],[10.39512,42.85815]]]}},{"type":"Feature","properties":{},"geometry":{"type":"Polygon","coordinates":[[[8.47891,39.06753],[8.42148,38.96865],[8.36094,39.03867],[8.35859,39.09878],[8.3668,39.11592],[8.44063,39.09063],[8.47891,39.06753]]]}},{"type":"Feature","properties":{},"geometry":{"type":"Polygon","coordinates":[[[8.28604,41.03984],[8.25273,40.99414],[8.20566,40.99746],[8.22402,41.0313],[8.26738,41.09912],[8.32021,41.12188],[8.34375,41.10161],[8.31894,41.06274],[8.28604,41.03984]]]}},{"type":"Feature","properties":{},"geometry":{"type":"Polygon","coordinates":[[[4.29365,39.84185],[4.27529,39.83027],[3.96768,39.94585],[3.86719,39.95874],[3.84268,39.97637],[3.84541,40.03648],[3.85342,40.06304],[4.05918,40.0751],[4.22578,40.03237],[4.31514,39.91724],[4.32207,39.89751],[4.29365,39.84185]]]}},{"type":"Feature","properties":{},"geometry":{"type":"Polygon","coordinates":[[[1.59394,38.67207],[1.57119,38.65884],[1.50498,38.671],[1.40576,38.671],[1.40195,38.71143],[1.41719,38.73965],[1.43633,38.76821],[1.49687,38.71191],[1.59268,38.70146],[1.59394,38.67207]]]}},{"type":"Feature","properties":{},"geometry":{"type":"Polygon","coordinates":[[[1.44521,38.9187],[1.40898,38.85728],[1.25693,38.879],[1.22334,38.90386],[1.25625,38.97339],[1.29981,38.98174],[1.30254,39.03115],[1.34863,39.08081],[1.56445,39.12105],[1.61318,39.0874],[1.62363,39.03882],[1.49453,38.93252],[1.44521,38.9187]]]}},{"type":"Feature","properties":{},"geometry":{"type":"Polygon","coordinates":[[[14.56621,35.85273],[14.53271,35.82021],[14.43643,35.82168],[14.35234,35.87227],[14.35127,35.97842],[14.44834,35.95742],[14.53701,35.88628],[14.56621,35.85273]]]}},{"type":"Feature","properties":{},"geometry":{"type":"Polygon","coordinates":[[[15.23105,44.06231],[15.24668,44.02705],[15.12187,44.09331],[15.07461,44.13784],[15.06582,44.15767],[15.23105,44.06231]]]}},{"type":"Feature","properties":{},"geometry":{"type":"Polygon","coordinates":[[[14.81025,44.97705],[14.68701,44.95562],[14.62832,44.99394],[14.61299,45.02544],[14.51172,45.0354],[14.45039,45.0792],[14.43789,45.09863],[14.52461,45.14683],[14.57109,45.22476],[14.62998,45.17803],[14.70117,45.09004],[14.73916,45.06548],[14.81025,44.97705]]]}},{"type":"Feature","properties":{},"geometry":{"type":"Polygon","coordinates":[[[14.83145,44.75894],[14.85664,44.71484],[14.7625,44.75464],[14.67822,44.76987],[14.66035,44.7998],[14.67246,44.82437],[14.69053,44.84815],[14.7542,44.84482],[14.76377,44.82139],[14.83145,44.75894]]]}},{"type":"Feature","properties":{},"geometry":{"type":"Polygon","coordinates":[[[15.18848,44.33574],[15.1626,44.30918],[15.09795,44.35815],[15.03857,44.39302],[14.99609,44.43433],[14.91279,44.48584],[14.88467,44.54473],[14.76045,44.66475],[14.74189,44.69736],[14.80381,44.64868],[14.85537,44.61826],[14.89805,44.61084],[15.00644,44.53423],[15.11299,44.43574],[15.23994,44.35019],[15.21357,44.34756],[15.18848,44.33574]]]}},{"type":"Feature","properties":{},"geometry":{"type":"Polygon","coordinates":[[[15.18877,43.92236],[15.20303,43.90772],[15.20166,43.89775],[15.14981,43.91182],[15.13584,43.90727],[14.89131,44.12554],[14.86504,44.16797],[14.95254,44.11719],[15.18877,43.92236]]]}},{"type":"Feature","properties":{},"geometry":{"type":"Polygon","coordinates":[[[15.37139,43.97383],[15.43721,43.89951],[15.37422,43.91479],[15.30859,43.96079],[15.27002,44.01074],[15.37139,43.97383]]]}},{"type":"Feature","properties":{},"geometry":{"type":"Polygon","coordinates":[[[14.48809,44.66006],[14.48037,44.62124],[14.41953,44.67031],[14.38887,44.7583],[14.3124,44.90039],[14.30254,44.94043],[14.34219,44.97993],[14.34004,45.01997],[14.28584,45.14463],[14.33125,45.16499],[14.3582,45.16743],[14.36914,45.08096],[14.39375,45.03125],[14.46738,44.97022],[14.45254,44.86919],[14.46758,44.72534],[14.48252,44.69336],[14.48809,44.66006]]]}},{"type":"Feature","properties":{},"geometry":{"type":"Polygon","coordinates":[[[17.60781,42.76904],[17.74424,42.70034],[17.34414,42.79038],[17.38955,42.79863],[17.43193,42.80039],[17.60781,42.76904]]]}},{"type":"Feature","properties":{},"geometry":{"type":"Polygon","coordinates":[[[20.6123,38.38335],[20.62471,38.26787],[20.69522,38.24619],[20.78887,38.14209],[20.78076,38.08882],[20.76133,38.07056],[20.60615,38.11973],[20.56894,38.09766],[20.52353,38.10664],[20.49551,38.16416],[20.49873,38.18438],[20.47334,38.2188],[20.45215,38.23418],[20.39102,38.18843],[20.35254,38.17988],[20.35225,38.22173],[20.40869,38.33677],[20.43506,38.3562],[20.48145,38.31821],[20.51963,38.33232],[20.54834,38.39453],[20.55029,38.45654],[20.56318,38.47495],[20.6123,38.38335]]]}},{"type":"Feature","properties":{},"geometry":{"type":"Polygon","coordinates":[[[20.88848,37.80537],[20.99395,37.70801],[20.90908,37.73213],[20.81855,37.66475],[20.70381,37.74346],[20.63506,37.82314],[20.61953,37.85503],[20.6915,37.92954],[20.75869,37.85298],[20.83984,37.84072],[20.88848,37.80537]]]}},{"type":"Feature","properties":{},"geometry":{"type":"Polygon","coordinates":[[[20.68672,38.60869],[20.64785,38.60098],[20.61435,38.60625],[20.58398,38.60171],[20.55469,38.58257],[20.55791,38.66186],[20.59248,38.76016],[20.63467,38.81758],[20.69414,38.84424],[20.71963,38.79917],[20.71484,38.63833],[20.68672,38.60869]]]}},{"type":"Feature","properties":{},"geometry":{"type":"Polygon","coordinates":[[[20.75869,38.32944],[20.70928,38.3186],[20.64639,38.41431],[20.62363,38.48032],[20.64971,38.48398],[20.6748,38.47632],[20.70127,38.45142],[20.70107,38.42593],[20.71162,38.39863],[20.73916,38.36577],[20.75869,38.32944]]]}},{"type":"Feature","properties":{},"geometry":{"type":"Polygon","coordinates":[[[20.07793,39.43272],[20.09961,39.37661],[19.975,39.41143],[19.88398,39.46152],[19.80889,39.5853],[19.64893,39.72617],[19.64648,39.76709],[19.70732,39.7981],[19.83857,39.82012],[19.8917,39.79727],[19.92607,39.77373],[19.93682,39.74673],[19.86221,39.69263],[19.84668,39.66812],[19.9041,39.61948],[19.90312,39.6],[19.92734,39.50591],[19.95527,39.47041],[20.02773,39.44209],[20.07793,39.43272]]]}},{"type":"Feature","properties":{},"geometry":{"type":"Polygon","coordinates":[[[23.55098,37.92588],[23.51143,37.90117],[23.4668,37.90239],[23.43525,37.91148],[23.41934,37.93125],[23.43906,37.94067],[23.46221,37.98037],[23.48369,37.99111],[23.51553,37.98604],[23.53486,37.97022],[23.55098,37.92588]]]}},{"type":"Feature","properties":{},"geometry":{"type":"Polygon","coordinates":[[[23.05381,36.18979],[23.04219,36.14639],[22.93945,36.17622],[22.91084,36.221],[22.90566,36.32031],[22.93262,36.36875],[22.95049,36.38394],[22.99785,36.32813],[23.09707,36.24658],[23.05381,36.18979]]]}},{"type":"Feature","properties":{},"geometry":{"type":"Polygon","coordinates":[[[3.94912,51.73945],[4.04678,51.68491],[4.06758,51.66748],[4.0751,51.64878],[3.95098,51.62705],[3.81904,51.69399],[3.73184,51.67822],[3.69902,51.70991],[3.69854,51.72969],[3.78906,51.74644],[3.94912,51.73945]]]}},{"type":"Feature","properties":{},"geometry":{"type":"Polygon","coordinates":[[[8.58789,54.71269],[8.54893,54.68818],[8.45381,54.69106],[8.40039,54.71411],[8.41768,54.73867],[8.46816,54.75742],[8.50996,54.7603],[8.57344,54.74873],[8.58789,54.71269]]]}},{"type":"Feature","properties":{},"geometry":{"type":"Polygon","coordinates":[[[6.73477,53.58252],[6.64209,53.5792],[6.66855,53.60566],[6.75459,53.62549],[6.80088,53.62549],[6.73477,53.58252]]]}},{"type":"Feature","properties":{},"geometry":{"type":"Polygon","coordinates":[[[22.1751,60.37075],[22.30176,60.34756],[22.35498,60.35586],[22.41553,60.30337],[22.31289,60.26997],[22.30576,60.22856],[22.34629,60.20283],[22.36055,60.16558],[22.2583,60.16562],[22.20938,60.19697],[22.18809,60.23677],[22.14053,60.26489],[22.07715,60.28633],[22.1082,60.31489],[22.12588,60.35586],[22.1751,60.37075]]]}},{"type":"Feature","properties":{},"geometry":{"type":"Polygon","coordinates":[[[21.45088,60.52959],[21.43691,60.48306],[21.36904,60.48823],[21.3,60.47978],[21.24434,60.52598],[21.21455,60.60386],[21.22471,60.6206],[21.26807,60.63828],[21.30127,60.59556],[21.45088,60.52959]]]}},{"type":"Feature","properties":{},"geometry":{"type":"Polygon","coordinates":[[[21.8332,60.14053],[21.7331,60.10615],[21.69502,60.11436],[21.70479,60.17231],[21.76426,60.19883],[21.86435,60.20181],[21.8332,60.14053]]]}},{"type":"Feature","properties":{},"geometry":{"type":"Polygon","coordinates":[[[20.61133,60.04067],[20.60342,60.01694],[20.52178,60.01167],[20.4875,60.03276],[20.41123,60.03013],[20.39795,60.04067],[20.42959,60.06172],[20.49014,60.0749],[20.56914,60.06963],[20.61133,60.04067]]]}},{"type":"Feature","properties":{},"geometry":{"type":"Polygon","coordinates":[[[21.62832,60.10781],[21.54062,60.0979],[21.48604,60.12681],[21.50674,60.14834],[21.56797,60.17231],[21.63408,60.16899],[21.64814,60.14087],[21.62832,60.10781]]]}},{"type":"Feature","properties":{},"geometry":{"type":"Polygon","coordinates":[[[4.95869,61.08457],[4.87012,61.07192],[4.79902,61.08272],[4.82441,61.17822],[4.86162,61.19385],[4.91543,61.19937],[4.97324,61.14824],[4.95869,61.08457]]]}},{"type":"Feature","properties":{},"geometry":{"type":"Polygon","coordinates":[[[8.10273,63.3376],[8.00469,63.33691],[7.88828,63.35234],[7.81533,63.38506],[7.804,63.41392],[7.93838,63.4498],[8.07353,63.4708],[8.13613,63.43135],[8.14092,63.36641],[8.10273,63.3376]]]}},{"type":"Feature","properties":{},"geometry":{"type":"Polygon","coordinates":[[[8.4708,63.66714],[8.35615,63.66479],[8.28711,63.68716],[8.45127,63.73184],[8.70889,63.77432],[8.7334,63.80132],[8.76465,63.80464],[8.80918,63.77144],[8.81484,63.72598],[8.78652,63.70347],[8.4708,63.66714]]]}},{"type":"Feature","properties":{},"geometry":{"type":"Polygon","coordinates":[[[5.08584,60.30757],[5.08906,60.18877],[4.99697,60.19775],[4.95557,60.24331],[4.94355,60.27241],[4.95078,60.34116],[4.93008,60.41206],[4.95723,60.44727],[4.99062,60.45205],[5.0502,60.38896],[5.08584,60.30757]]]}},{"type":"Feature","properties":{},"geometry":{"type":"Polygon","coordinates":[[[25.40273,37.41914],[25.30713,37.41299],[25.3127,37.48931],[25.34814,37.50918],[25.46299,37.47109],[25.45742,37.44707],[25.40273,37.41914]]]}},{"type":"Feature","properties":{},"geometry":{"type":"Polygon","coordinates":[[[24.52353,37.1251],[24.48652,37.11006],[24.4248,37.13198],[24.44121,37.18686],[24.48379,37.21021],[24.5291,37.19233],[24.53594,37.16768],[24.52353,37.1251]]]}},{"type":"Feature","properties":{},"geometry":{"type":"Polygon","coordinates":[[[17.97978,59.32905],[18.13262,59.31621],[18.21055,59.33145],[18.27051,59.36714],[18.33603,59.37534],[18.3958,59.3686],[18.45918,59.39673],[18.50889,59.40796],[18.56025,59.39448],[18.61758,59.32705],[18.49863,59.29194],[18.41426,59.29033],[18.37305,59.17974],[18.32197,59.13223],[18.28535,59.10938],[18.09814,59.06231],[17.97461,59.00264],[17.829,58.95459],[17.76543,58.96504],[17.66963,58.91621],[17.45674,58.8584],[17.34766,58.78052],[17.10283,58.71084],[16.97812,58.65415],[16.63935,58.65117],[16.31582,58.66362],[16.21426,58.63667],[16.31807,58.62832],[16.39082,58.60186],[16.47803,58.61289],[16.68301,58.59966],[16.78848,58.58525],[16.92383,58.49258],[16.82432,58.45962],[16.65195,58.43433],[16.7166,58.30288],[16.76992,58.21426],[16.7001,58.16079],[16.69492,57.91753],[16.59697,57.91289],[16.55537,57.81226],[16.58623,57.76094],[16.58379,57.64175],[16.6042,57.56831],[16.65225,57.50068],[16.63086,57.43018],[16.47598,57.26514],[16.47949,57.18769],[16.50732,57.1417],[16.52793,57.06816],[16.45752,56.92681],[16.40781,56.80869],[16.34873,56.70928],[16.2165,56.58999],[16.15068,56.50083],[15.99668,56.22261],[15.92031,56.16738],[15.82666,56.12495],[15.72227,56.16421],[15.62656,56.1856],[15.50967,56.18301],[15.32656,56.15083],[15.05117,56.17222],[14.78203,56.16191],[14.71396,56.13413],[14.75479,56.03315],[14.65557,56.01992],[14.55859,56.04863],[14.47324,56.01436],[14.40195,55.97676],[14.26191,55.88755],[14.21504,55.83262],[14.20293,55.72915],[14.27646,55.63638],[14.3417,55.52773],[14.17373,55.39663],[14.07998,55.39219],[13.80635,55.42856],[13.32139,55.34639],[12.88584,55.41138],[12.94063,55.48159],[12.93877,55.5332],[12.96338,55.6126],[12.97803,55.6938],[12.97393,55.74815],[12.94199,55.80606],[12.83457,55.88184],[12.59258,56.1376],[12.521,56.24556],[12.47119,56.29053],[12.50703,56.29297],[12.70635,56.23501],[12.75283,56.24214],[12.80166,56.26392],[12.74219,56.34687],[12.69111,56.38442],[12.65644,56.44058],[12.77314,56.45576],[12.85742,56.45239],[12.91953,56.51558],[12.88369,56.61773],[12.79316,56.64917],[12.71758,56.66284],[12.57266,56.82329],[12.42148,56.9064],[12.15185,57.22695],[12.05322,57.44697],[11.96152,57.42607],[11.91699,57.52192],[11.88506,57.6127],[11.87871,57.67944],[11.73496,57.71768],[11.7291,57.76445],[11.70322,57.97319],[11.54902,58.00122],[11.44932,58.11836],[11.43154,58.33999],[11.32998,58.38032],[11.24824,58.36914],[11.25205,58.42407],[11.27158,58.47563],[11.22383,58.67993],[11.20791,58.86641],[11.16914,58.92271],[11.14717,58.98862],[11.1669,59.04556],[11.1958,59.07827],[11.29531,59.08687],[11.38828,59.03652],[11.38643,59.06572],[11.36592,59.10454],[11.13213,59.14321],[11.09082,59.1418],[10.99893,59.16445],[10.94502,59.17085],[10.83447,59.18394],[10.74258,59.296],[10.64492,59.38921],[10.63105,59.42817],[10.63438,59.60249],[10.60449,59.68003],[10.59531,59.76455],[10.53389,59.6958],[10.56953,59.58711],[10.49375,59.5415],[10.39814,59.51934],[10.40713,59.45566],[10.44639,59.4436],[10.45459,59.37749],[10.43135,59.27964],[10.24316,59.06206],[10.20518,59.03867],[10.17939,59.00928],[10.0831,59.02881],[9.95957,58.96821],[9.84258,58.9585],[9.8002,59.02705],[9.63516,59.11777],[9.55723,59.1127],[9.62715,59.06792],[9.69609,59.00972],[9.65693,58.97119],[9.61846,58.94604],[9.55107,58.93301],[9.30996,58.85684],[9.3958,58.80566],[9.32295,58.74756],[9.23867,58.73901],[9.19375,58.71187],[9.17812,58.675],[8.92842,58.56997],[8.52139,58.30059],[8.31221,58.22446],[8.16611,58.14531],[8.0374,58.14727],[7.87559,58.07998],[7.46592,58.02095],[7.19414,58.04766],[7.00488,58.02422],[6.90342,58.07051],[6.89023,58.10229],[6.89531,58.12075],[6.9123,58.14287],[6.87705,58.15073],[6.80283,58.15454],[6.77109,58.13223],[6.7668,58.08154],[6.73144,58.06831],[6.59053,58.09731],[6.55508,58.12344],[6.60576,58.17637],[6.69248,58.22402],[6.67676,58.23379],[6.65986,58.26274],[6.61758,58.26641],[6.4915,58.25942],[6.38906,58.26797],[6.05469,58.37515],[5.97656,58.43232],[5.70684,58.52363],[5.58594,58.62041],[5.51729,58.72651],[5.52246,58.82266],[5.55557,58.97519],[5.61221,59.01289],[5.8543,58.95947],[6.09902,58.87026],[6.1373,58.87466],[6.21416,58.94468],[6.36328,59.00093],[6.32109,59.01646],[6.09941,58.95195],[6.01699,58.9877],[5.88916,59.0605],[5.88916,59.09795],[5.94873,59.13545],[5.96856,59.18613],[5.93731,59.23398],[5.95186,59.29907],[6.05068,59.36816],[6.19893,59.43809],[6.30566,59.50557],[6.41533,59.54712],[6.40391,59.56099],[6.27852,59.53452],[6.15859,59.48965],[6.01738,59.41445],[5.84521,59.35347],[5.71797,59.32983],[5.65732,59.31025],[5.56406,59.29121],[5.46758,59.20381],[5.36231,59.16636],[5.17324,59.16255],[5.13164,59.22646],[5.18506,59.45366],[5.24219,59.56431],[5.30488,59.64258],[5.40352,59.65576],[5.47246,59.71309],[5.52969,59.71309],[5.57949,59.68662],[5.77217,59.66094],[5.86728,59.73398],[5.99102,59.74468],[6.2166,59.81836],[6.21191,59.83179],[6.05928,59.81558],[5.9667,59.81318],[5.83398,59.79468],[5.76348,59.80791],[5.73047,59.86309],[5.78359,59.91279],[5.99648,60.03149],[6.06992,60.0835],[6.11182,60.13208],[6.10518,60.16514],[6.14053,60.2335],[6.34873,60.35298],[6.51807,60.40757],[6.57363,60.3606],[6.52637,60.21362],[6.52686,60.15293],[6.66094,60.36724],[6.71992,60.41816],[6.78711,60.4541],[6.94971,60.47822],[6.9957,60.51196],[6.80635,60.50078],[6.34697,60.41909],[6.15332,60.34624],[6.10176,60.29014],[5.96738,60.20557],[5.9044,60.15064],[5.87656,60.07002],[5.80088,60.02622],[5.69883,60.01001],[5.55703,59.90776],[5.49453,59.82559],[5.35342,59.76011],[5.26387,59.70977],[5.23447,59.6918],[5.18604,59.64229],[5.1458,59.63882],[5.11074,59.66782],[5.10488,59.73169],[5.11924,59.83369],[5.18711,59.90708],[5.21953,59.97876],[5.17441,60.0457],[5.20566,60.08794],[5.26543,60.08648],[5.37646,60.06724],[5.49453,60.07031],[5.68857,60.12319],[5.65762,60.1541],[5.57383,60.1585],[5.41738,60.1541],[5.28584,60.20571],[5.18359,60.3084],[5.13711,60.44561],[5.16816,60.48481],[5.54648,60.62456],[5.64834,60.68799],[5.58936,60.69429],[5.44736,60.61733],[5.24404,60.56958],[5.11582,60.63599],[5.04912,60.70752],[5.01074,60.85854],[5.02461,60.93613],[5.00859,61.03818],[5.09541,61.07134],[5.19248,61.05371],[5.28818,61.04717],[5.50527,61.0561],[5.98398,61.11733],[6.29258,61.08096],[6.41797,61.08428],[6.60986,61.13701],[6.77783,61.14243],[6.90342,61.10215],[6.97207,61.05596],[6.98057,60.99414],[7.03867,60.95293],[7.07793,60.96631],[7.04668,61.01528],[7.04014,61.09116],[7.54502,61.17715],[7.60449,61.21055],[7.40391,61.22217],[7.34658,61.30059],[7.45254,61.41924],[7.44258,61.43462],[7.33115,61.37202],[7.27627,61.28394],[7.29805,61.21362],[7.27598,61.18096],[7.17354,61.16597],[6.94258,61.16055],[6.79434,61.19038],[6.65703,61.20659],[6.61025,61.2291],[6.62588,61.2793],[6.5999,61.28965],[6.54307,61.24453],[6.49258,61.15459],[6.3835,61.13389],[6.08252,61.16728],[5.64678,61.14761],[5.45127,61.10234],[5.32461,61.10825],[5.10674,61.18755],[5.02168,61.25059],[4.98994,61.37769],[5.00273,61.43359],[5.17246,61.45713],[5.2583,61.45547],[5.33867,61.4855],[5.26758,61.50503],[5.16758,61.54336],[5.09941,61.62017],[4.99668,61.64522],[4.92783,61.71069],[4.91035,61.80957],[4.93008,61.87832],[4.98506,61.90044],[5.11699,61.8854],[5.46533,61.89692],[5.79326,61.8271],[6.01582,61.7875],[6.4667,61.80742],[6.73076,61.86977],[6.68232,61.88701],[6.3959,61.85098],[6.13115,61.85244],[5.66445,61.9229],[5.47305,61.94561],[5.26689,61.9356],[5.15957,61.95698],[5.09648,62.02666],[5.14316,62.15991],[5.24092,62.18867],[5.29385,62.15391],[5.35771,62.15171],[5.42236,62.20737],[5.48428,62.23911],[5.5333,62.31089],[5.71816,62.37891],[5.79629,62.38467],[5.9083,62.41602],[5.97978,62.40713],[6.02559,62.37568],[6.0835,62.34961],[6.20898,62.35278],[6.58008,62.40727],[6.62002,62.42329],[6.69238,62.46807],[6.45713,62.4481],[6.26172,62.41631],[6.13613,62.40747],[6.11846,62.44717],[6.16475,62.48242],[6.2375,62.51992],[6.27285,62.58384],[6.35293,62.61113],[6.43945,62.60967],[6.61836,62.62129],[6.74463,62.63789],[6.96113,62.62676],[7.28379,62.60229],[7.4918,62.54282],[7.57012,62.54819],[7.65313,62.56401],[7.69072,62.5856],[7.52744,62.6103],[7.51816,62.64551],[7.53838,62.67207],[7.80469,62.721],[8.09551,62.73184],[8.04551,62.77124],[7.4084,62.71177],[7.24209,62.75234],[7.11084,62.752],[7.0249,62.72881],[6.77998,62.70073],[6.73496,62.7207],[6.78154,62.78965],[6.92822,62.90273],[6.94043,62.93047],[7.0085,62.95767],[7.38906,63.02329],[7.57188,63.09951],[7.6543,63.10918],[7.73604,63.10386],[7.86035,63.11279],[8.10059,63.09097],[8.21113,62.99551],[8.31055,62.96553],[8.62314,62.84624],[8.60918,62.88057],[8.33857,63.04219],[8.23516,63.08218],[8.15801,63.16152],[8.18447,63.23652],[8.27148,63.28657],[8.58018,63.31338],[8.63555,63.34233],[8.64102,63.39209],[8.59375,63.42612],[8.48018,63.42417],[8.38652,63.44526],[8.36074,63.49888],[8.39814,63.53511],[8.57617,63.60117],[8.67363,63.62261],[8.84238,63.6459],[9.13584,63.59365],[9.15811,63.56626],[9.07588,63.50039],[9.08418,63.46343],[9.15606,63.45933],[9.32363,63.57036],[9.5207,63.58569],[9.60225,63.60957],[9.69688,63.62456],[9.83223,63.52417],[9.8915,63.49204],[9.93604,63.47886],[9.9792,63.39526],[10.021,63.39082],[10.08057,63.43272],[10.18857,63.45479],[10.34004,63.46934],[10.59092,63.44722],[10.70449,63.46357],[10.76016,63.46128],[10.70674,63.53633],[10.67363,63.55801],[10.72529,63.625],[10.7792,63.65117],[10.95254,63.69819],[11.11787,63.71919],[11.22578,63.76382],[11.3707,63.80483],[11.34795,63.83769],[11.30762,63.87573],[11.21387,63.87812],[11.17559,63.89888],[11.29463,63.94819],[11.44875,64],[11.11393,64],[11.0752,63.98813],[10.91426,63.92109],[10.9667,63.90156],[11.04727,63.84522],[10.93486,63.77022],[10.33916,63.57104],[10.05508,63.5127],[9.92402,63.52178],[9.89277,63.57622],[9.83232,63.6165],[9.76748,63.69951],[9.65723,63.69731],[9.59463,63.67896],[9.56729,63.70615],[9.61475,63.79482],[9.70801,63.86489],[9.86445,63.91782],[9.93945,63.98174],[9.95215,64],[36.38204,64],[36.71377,63.94507],[36.97519,63.90952],[37.37275,63.81675],[37.44219,63.81338],[37.63535,63.89341],[37.96797,63.94912],[38.03617,64],[48,64],[48,30.0175],[47.98252,30.01133],[47.97871,29.98281],[47.97363,29.9459],[48,29.85526],[48,29.60929],[47.96963,29.6167],[47.81748,29.4874],[47.72529,29.41694],[47.72266,29.39302],[47.84531,29.36572],[47.93535,29.3666],[47.99815,29.38555],[48,29.3845],[48,25],[37.25826,25],[37.24346,25.07344],[37.21836,25.15068],[37.14883,25.29111],[36.9207,25.64116],[36.86016,25.69248],[36.7627,25.75132],[36.70254,25.90288],[36.6752,26.03887],[36.51875,26.10488],[36.24961,26.59477],[36.09375,26.76582],[36.03203,26.88101],[35.85166,27.07046],[35.76299,27.25879],[35.58135,27.43247],[35.42383,27.73379],[35.18047,28.03486],[35.07832,28.08701],[34.82754,28.10859],[34.72207,28.13066],[34.625,28.0645],[34.61621,28.14834],[34.6833,28.26411],[34.77988,28.50732],[34.79912,28.72051],[34.95078,29.35352],[34.98223,29.48447],[34.97344,29.55503],[34.9043,29.47734],[34.84853,29.43213],[34.73643,29.2706],[34.61719,28.75791],[34.44648,28.35732],[34.42715,28.10649],[34.39971,28.01602],[34.31856,27.88896],[34.22012,27.76431],[34.04512,27.82886],[33.76025,28.04766],[33.59414,28.25557],[33.41611,28.38984],[33.24775,28.56772],[33.20195,28.6957],[33.20371,28.77778],[33.13018,28.97827],[33.07578,29.07305],[32.8706,29.28623],[32.81172,29.4],[32.7667,29.45],[32.72148,29.52178],[32.64717,29.79844],[32.56572,29.97397],[32.47305,29.92544],[32.48945,29.85151],[32.40859,29.74932],[32.35977,29.63066],[32.39727,29.53379],[32.56504,29.38633],[32.59902,29.32192],[32.63809,29.18218],[32.63184,28.99224],[32.65889,28.92773],[32.78447,28.78662],[32.82949,28.70288],[32.85654,28.63061],[32.89824,28.56523],[33.02285,28.44228],[33.20215,28.2083],[33.37227,28.05059],[33.49492,27.97446],[33.54707,27.89814],[33.55879,27.70122],[33.5498,27.60737],[33.65742,27.43057],[33.69727,27.34111],[33.80166,27.26816],[33.84932,27.18491],[33.89307,27.04946],[33.95908,26.64902],[34.04951,26.55073],[34.3293,26.02436],[34.56514,25.69116],[34.6793,25.44253],[34.85322,25.13979],[34.92493,25],[-14.85122,25],[-14.84292,25.22012],[-14.79492,25.40415],[-14.70703,25.54771],[-14.60229,25.80854],[-14.52275,25.92524],[-14.47056,26.16304],[-14.41387,26.25371],[-14.31245,26.29673],[-14.16836,26.41543],[-13.9521,26.48877],[-13.6959,26.64292],[-13.57578,26.73511],[-13.49575,26.87266],[-13.40981,27.14663],[-13.25615,27.43462],[-13.17598,27.65571],[-13.04072,27.76982],[-12.94893,27.91416],[-12.79365,27.97842],[-12.4689,28.00942],[-11.98608,28.1293],[-11.55269,28.31011],[-11.43018,28.38203],[-11.29907,28.52607],[-11.08096,28.71377],[-10.67383,28.93921],[-10.48648,29.06494],[-10.20059,29.38037],[-10.0105,29.64141],[-9.85264,29.80923],[-9.74346,29.9582],[-9.66709,30.10928],[-9.62383,30.35264],[-9.65293,30.44756],[-9.77314,30.60312],[-9.85391,30.64458],[-9.87549,30.71792],[-9.83242,30.84727],[-9.83335,31.06963],[-9.80869,31.42461],[-9.67495,31.71099],[-9.34746,32.08638],[-9.28657,32.24058],[-9.24912,32.48584],[-9.24585,32.57246],[-8.83623,32.92046],[-8.59629,33.18716],[-8.51284,33.25244],[-8.30117,33.37436],[-7.56235,33.64028],[-7.14468,33.83032],[-6.90098,33.96904],[-6.75576,34.13291],[-6.35313,34.77607],[-5.95757,35.68115],[-5.92481,35.78579],[-5.74795,35.81597],[-5.62285,35.82891],[-5.52227,35.86201],[-5.39736,35.92988],[-5.27783,35.90273],[-5.33765,35.85654],[-5.33765,35.74522],[-5.25269,35.61475],[-5.10537,35.46777],[-4.83721,35.2813],[-4.62832,35.2064],[-4.32998,35.16148],[-3.98242,35.24341],[-3.78799,35.24492],[-3.69326,35.27998],[-3.59063,35.22832],[-3.39473,35.21182],[-3.20601,35.23911],[-3.06309,35.31724],[-2.97222,35.40727],[-2.95796,35.36309],[-2.95361,35.31514],[-2.92598,35.28711],[-2.86953,35.17266],[-2.83994,35.12783],[-2.7314,35.1352],[-2.63682,35.1127],[-2.42373,35.12349],[-2.21963,35.1042],[-2.01777,35.08506],[-1.91328,35.09424],[-1.67363,35.1831],[-1.48374,35.30308],[-1.33584,35.36426],[-1.20537,35.49575],[-1.0877,35.57886],[-0.91748,35.66841],[-0.42612,35.86152],[-0.35078,35.86318],[-0.18916,35.81909],[-0.04824,35.83281],[0.04795,35.90054],[0.15166,36.06314],[0.31221,36.16235],[0.51494,36.26182],[0.79082,36.35654],[0.97168,36.44394],[1.25723,36.51958],[1.97451,36.56758],[2.34287,36.6103],[2.59336,36.60068],[2.84648,36.73887],[2.97285,36.78447],[3.52051,36.79512],[3.779,36.89619],[4.7581,36.89634],[4.87783,36.8624],[4.99541,36.80806],[5.1956,36.67681],[5.29541,36.64824],[5.42461,36.67544],[5.72549,36.79961],[6.06475,36.86426],[6.24912,36.93833],[6.32783,37.04604],[6.48652,37.08574],[6.57588,37.00303],[6.92754,36.91943],[7.14346,36.94336],[7.23848,36.96851],[7.2043,37.09238],[7.43242,37.05928],[7.60771,36.99976],[7.7916,36.88027],[7.91045,36.85635],[8.12715,36.91035],[8.57656,36.93721],[8.82353,36.99761],[9.05889,37.15586],[9.14199,37.19463],[9.68799,37.34038],[9.75889,37.33027],[9.83848,37.30898],[9.81553,37.25464],[9.78398,37.21143],[9.83027,37.13535],[9.89639,37.18164],[9.8794,37.21284],[9.87559,37.25415],[9.98809,37.25776],[10.0874,37.25127],[10.19639,37.20586],[10.18877,37.03389],[10.33408,36.86538],[10.29326,36.78149],[10.4123,36.73184],[10.51816,36.79136],[10.57129,36.87944],[10.76621,36.93027],[10.95137,37.05928],[11.05391,37.07251],[11.07705,36.9667],[11.12666,36.87407],[11.05654,36.84146],[10.96719,36.74302],[10.79814,36.49312],[10.64238,36.41963],[10.52568,36.32334],[10.48799,36.25488],[10.47656,36.17515],[10.50576,36.03242],[10.59082,35.88726],[10.68896,35.79951],[10.78369,35.77207],[11.0043,35.63384],[11.00068,35.55161],[11.03154,35.45386],[11.04326,35.33511],[11.12012,35.24028],[10.95586,35.03364],[10.86621,34.88433],[10.69092,34.67847],[10.53486,34.54473],[10.20039,34.34604],[10.11836,34.28008],[10.06484,34.21162],[10.04004,34.14033],[10.04902,34.0563],[10.15898,33.85005],[10.30527,33.72827],[10.4543,33.6625],[10.71318,33.68901],[10.7043,33.60967],[10.72275,33.5144],[10.82813,33.5189],[10.89844,33.53369],[10.95801,33.62632],[11.08457,33.56289],[11.15029,33.36924],[11.25742,33.30884],[11.26992,33.28633],[11.23213,33.27158],[11.20264,33.24922],[11.23428,33.23359],[11.33809,33.20947],[11.40059,33.2249],[11.50459,33.18193],[11.65713,33.1189],[11.81348,33.0937],[12.27988,32.85854],[12.42705,32.8291],[12.75352,32.80107],[13.13809,32.89736],[13.2835,32.91465],[13.53633,32.82427],[13.64775,32.79883],[13.83535,32.7918],[14.15566,32.70977],[14.23711,32.68125],[14.42383,32.55029],[14.51338,32.51108],[15.17656,32.39116],[15.26689,32.31167],[15.35908,32.15967],[15.36309,31.97119],[15.41406,31.83423],[15.49639,31.65679],[15.5958,31.5311],[15.70596,31.42642],[15.83223,31.36099],[16.12305,31.26445],[16.45098,31.2273],[16.78154,31.21475],[17.34922,31.08149],[17.83047,30.92759],[17.94932,30.8519],[18.19043,30.77729],[18.66982,30.41567],[18.93643,30.29043],[19.12373,30.26611],[19.2917,30.28809],[19.58984,30.41377],[19.71328,30.48838],[20.01318,30.80068],[20.11152,30.96372],[20.15098,31.07861],[20.14111,31.19551],[20.10381,31.30054],[20.02002,31.41064],[19.96123,31.55601],[19.92637,31.81753],[19.97344,31.99907],[20.03096,32.10786],[20.12148,32.21875],[20.37061,32.43076],[20.62109,32.58018],[21.0623,32.77554],[21.31875,32.77769],[21.42471,32.79917],[21.63594,32.93731],[21.72139,32.94248],[21.83945,32.90864],[22.1874,32.91826],[22.34062,32.87988],[22.52344,32.79395],[22.7541,32.74053],[22.9169,32.68716],[23.09062,32.61875],[23.12969,32.44814],[23.11045,32.39741],[23.10625,32.33145],[23.28633,32.21382],[23.79766,32.15869],[23.89844,32.1272],[24.03897,32.03701],[24.12969,32.00923],[24.47978,31.99653],[24.68389,32.01597],[24.87852,31.98428],[24.95068,31.95371],[25.025,31.88335],[25.11504,31.71231],[25.15049,31.65498],[25.22549,31.53379],[25.38223,31.51279],[25.89326,31.6209],[26.45732,31.51211],[26.76865,31.47036],[27.24805,31.37788],[27.54004,31.2127],[27.62012,31.19175],[27.82998,31.19502],[27.96758,31.09741],[28.51484,31.05044],[28.80693,30.94268],[28.97275,30.85674],[29.07207,30.83027],[29.15996,30.83457],[29.27891,30.86694],[29.42852,30.92744],[29.5916,31.01152],[29.92978,31.22749],[30.04941,31.26543],[30.12754,31.25566],[30.22266,31.2584],[30.26231,31.31685],[30.3123,31.35703],[30.34375,31.40273],[30.39512,31.45762],[30.571,31.473],[30.92354,31.56685],[30.88418,31.52236],[30.56299,31.41699],[30.70049,31.40386],[30.84141,31.43989],[31.00176,31.46279],[31.03086,31.50757],[31.05195,31.59155],[31.08291,31.60332],[31.19394,31.5876],[31.52441,31.45825],[31.60654,31.45576],[31.83926,31.52632],[31.88896,31.54141],[31.96426,31.5021],[32.13603,31.34106],[32.07607,31.34448],[31.89219,31.48247],[31.87588,31.41372],[31.77109,31.29258],[31.90205,31.24019],[32.0085,31.22051],[32.06562,31.15298],[32.10176,31.09282],[32.20654,31.11904],[32.28184,31.20088],[32.24277,31.24653],[32.21621,31.29375],[32.25059,31.29492],[32.32353,31.25605],[32.53281,31.10073],[32.60332,31.06875],[32.68457,31.07402],[32.85449,31.11773],[32.90156,31.11094],[33.12988,31.16816],[33.15674,31.12622],[33.19434,31.08452],[33.37793,31.13096],[33.6665,31.13042],[33.90254,31.18096],[34.17627,31.30391],[34.19814,31.32261],[34.3873,31.48379],[34.47734,31.58486],[34.48398,31.59229],[34.67842,31.8957],[34.80381,32.19634],[34.92188,32.61406],[35.00586,32.82661],[35.07705,32.96719],[35.10859,33.08369],[35.15508,33.16001],[35.20352,33.25898],[35.25137,33.39263],[35.33574,33.50347],[35.51084,33.87974],[35.61182,34.03218],[35.64785,34.24824],[35.8043,34.4374],[35.92139,34.49331],[35.97793,34.54741],[35.97627,34.6292],[35.89932,34.8521],[35.88789,34.94863],[35.88994,35.0603],[35.94307,35.22383],[35.91807,35.29951],[35.91602,35.35054],[35.90244,35.4207],[35.76445,35.57158],[35.83965,35.84922],[35.89268,35.91655],[35.95693,35.99815],[35.88711,36.15908],[35.81094,36.30986],[35.88281,36.40635],[36.03174,36.52271],[36.18848,36.65898],[36.18818,36.74307],[36.18008,36.80723],[36.13516,36.85161],[36.04893,36.9106],[35.90459,36.84761],[35.80156,36.77808],[35.73428,36.76396],[35.66113,36.72432],[35.62559,36.65278],[35.5374,36.59702],[35.39316,36.5752],[35.17617,36.63486],[34.94316,36.72568],[34.81123,36.79927],[34.70361,36.8168],[34.60137,36.78447],[34.29961,36.6042],[34.02344,36.34077],[33.95488,36.29521],[33.69473,36.18198],[33.52275,36.14399],[33.4418,36.15283],[33.09951,36.10298],[32.92949,36.0957],[32.79482,36.03589],[32.53379,36.10073],[32.37773,36.18364],[32.28379,36.26787],[32.13057,36.44912],[32.02197,36.5353],[31.77793,36.61279],[31.35254,36.80107],[31.24063,36.82173],[30.95029,36.84868],[30.64404,36.86567],[30.58203,36.79717],[30.5585,36.52583],[30.50605,36.45112],[30.48359,36.3104],[30.44609,36.26987],[30.38731,36.24326],[30.29541,36.28769],[30.23164,36.30732],[30.0832,36.24936],[29.78926,36.16807],[29.68906,36.15669],[29.34834,36.25884],[29.22363,36.32446],[29.14326,36.39722],[29.11611,36.52012],[29.06553,36.59009],[29.05811,36.63813],[29.03828,36.69346],[28.96963,36.71533],[28.8959,36.67358],[28.81689,36.67529],[28.71768,36.70088],[28.48359,36.80381],[28.30371,36.81196],[28.19561,36.68633],[28.11152,36.64639],[28.01943,36.63447],[28.01416,36.67021],[28.08398,36.75147],[27.80381,36.73647],[27.65586,36.67461],[27.54043,36.68423],[27.45391,36.71216],[27.4669,36.74634],[27.55469,36.75889],[27.63086,36.78667],[27.93447,36.80928],[28.00537,36.83198],[28.08301,36.92026],[28.22441,36.99639],[28.24238,37.02905],[28.13369,37.02949],[27.66836,37.00742],[27.34893,37.01958],[27.31104,36.98188],[27.26299,36.97656],[27.24971,37.07915],[27.30019,37.12685],[27.36816,37.12241],[27.53506,37.16387],[27.52012,37.24912],[27.40059,37.30674],[27.37627,37.34072],[27.28955,37.34868],[27.21924,37.38916],[27.20391,37.49141],[27.14795,37.60361],[27.06797,37.65791],[27.07783,37.68769],[27.22441,37.72544],[27.25478,37.88232],[27.23242,37.97866],[27.15869,37.98687],[26.94385,38.06289],[26.87861,38.05479],[26.80742,38.13833],[26.68281,38.19834],[26.62109,38.17637],[26.58242,38.14927],[26.52471,38.16226],[26.42793,38.21435],[26.33291,38.24248],[26.29072,38.2772],[26.34365,38.37007],[26.41641,38.36787],[26.42969,38.44062],[26.37227,38.56191],[26.37783,38.62417],[26.44131,38.64121],[26.51357,38.62949],[26.58652,38.55703],[26.61035,38.48691],[26.59502,38.4186],[26.64131,38.35244],[26.67422,38.33574],[26.69639,38.40537],[26.72734,38.4186],[26.76992,38.38818],[26.86143,38.37295],[27.09863,38.41572],[27.14424,38.45195],[26.97041,38.44785],[26.90684,38.48174],[26.83779,38.55757],[26.79531,38.62642],[26.78769,38.6602],[26.76367,38.70962],[26.79014,38.73608],[26.90918,38.77578],[27.01367,38.88687],[26.97012,38.91904],[26.92031,38.93423],[26.86621,38.92295],[26.81494,38.96099],[26.8083,39.01392],[26.84932,39.05674],[26.85361,39.11563],[26.71934,39.26064],[26.68184,39.29224],[26.71074,39.33965],[26.81328,39.41904],[26.91094,39.51733],[26.89922,39.54966],[26.82705,39.56289],[26.48408,39.5207],[26.35078,39.48408],[26.11309,39.46738],[26.096,39.5208],[26.10137,39.56894],[26.15469,39.65664],[26.14981,39.87285],[26.18135,39.99009],[26.31338,40.025],[26.47539,40.19727],[26.73809,40.40024],[27.01211,40.39634],[27.12168,40.45234],[27.28457,40.45562],[27.31416,40.41489],[27.33262,40.37593],[27.47559,40.31992],[27.72803,40.32881],[27.78936,40.35088],[27.84853,40.38174],[27.73184,40.48149],[27.76914,40.50962],[27.8749,40.51294],[27.98955,40.48945],[27.99482,40.4666],[27.96436,40.4353],[27.92891,40.38042],[27.9626,40.36987],[28.28906,40.40303],[28.63027,40.37647],[28.73887,40.39087],[29.00713,40.38975],[29.05518,40.42417],[28.97402,40.46738],[28.89463,40.48242],[28.84121,40.50347],[28.78789,40.53403],[28.95801,40.63057],[29.0541,40.64912],[29.50762,40.7084],[29.84492,40.73809],[29.84922,40.76011],[29.80059,40.76016],[29.36475,40.80928],[29.25977,40.84731],[29.11387,40.93784],[29.08223,40.96343],[29.04551,41.00757],[29.06738,41.10166],[29.09434,41.17725],[29.14814,41.22104],[29.32227,41.22773],[29.91934,41.15083],[30.34492,41.19692],[30.81006,41.08486],[31.25488,41.10762],[31.34668,41.15791],[31.45801,41.32002],[32.08643,41.58921],[32.30644,41.72959],[32.54219,41.8064],[32.94668,41.89175],[33.28477,42.00459],[33.38135,42.01758],[34.19297,41.96367],[34.75049,41.95684],[35.00644,42.06328],[35.15488,42.02754],[35.14102,41.9895],[35.11406,41.95698],[35.12207,41.89111],[35.20918,41.79438],[35.29775,41.72852],[35.55801,41.63403],[35.91982,41.71372],[35.97812,41.70483],[36.05176,41.68257],[36.1792,41.42656],[36.27842,41.33613],[36.40537,41.27461],[36.50967,41.2625],[36.58711,41.32666],[36.64707,41.35254],[36.77773,41.36348],[36.99199,41.27539],[37.06621,41.18442],[37.43096,41.11411],[37.76563,41.07891],[37.91006,41.0019],[38.38106,40.92451],[38.55693,40.93652],[38.85215,41.01768],[39.42637,41.10645],[39.80791,40.98252],[39.91113,40.96646],[40.00019,40.97715],[40.12842,40.94302],[40.26523,40.96133],[40.6875,41.10742],[40.81953,41.19023],[40.95947,41.21162],[41.08359,41.26118],[41.41436,41.42363],[41.51006,41.51748],[41.70176,41.70542],[41.75879,41.81714],[41.76074,41.88486],[41.76299,41.97002],[41.66328,42.14688],[41.57773,42.39785],[41.48877,42.65933],[41.41943,42.73765],[41.12871,42.82813],[41.06162,42.93086],[40.83662,43.06348],[40.52402,43.12105],[40.46211,43.1457],[40.19062,43.3124],[39.97832,43.41982],[39.87363,43.4728],[39.5167,43.72788],[39.32939,43.89727],[38.71728,44.28809],[38.63584,44.31802],[38.31182,44.37446],[38.18125,44.41968],[37.85146,44.69883],[37.70488,44.66138],[37.57246,44.67085],[37.49512,44.69526],[37.41133,44.73535],[37.35234,44.78838],[37.28408,44.90503],[37.20479,44.97197],[36.94443,45.06958],[36.65078,45.12647],[36.62764,45.15132],[36.61914,45.1855],[36.87305,45.25176],[36.94121,45.2897],[36.81103,45.34004],[36.76162,45.34834],[36.72041,45.37188],[36.79375,45.40972],[36.86592,45.42705],[36.97783,45.38359],[37.10352,45.30288],[37.21357,45.27231],[37.26426,45.31094],[37.64717,45.3772],[37.67295,45.42974],[37.67188,45.48838],[37.63437,45.48633],[37.60996,45.49951],[37.6124,45.5647],[37.66924,45.65405],[37.84092,45.79956],[37.9331,46.00171],[38.01426,46.04775],[38.07383,46.01709],[38.06973,45.96987],[38.07959,45.93481],[38.13281,46.00283],[38.18359,46.09482],[38.31182,46.09536],[38.40039,46.08003],[38.49229,46.09053],[38.31523,46.24194],[38.07773,46.39434],[37.97754,46.38286],[37.91387,46.40649],[37.80957,46.53208],[37.7665,46.63613],[37.86738,46.63379],[37.96797,46.61802],[38.15947,46.69067],[38.22998,46.70127],[38.34346,46.67832],[38.50098,46.66367],[38.48799,46.73218],[38.43867,46.81309],[38.63076,46.87305],[38.80107,46.90615],[39.12676,47.02344],[39.2707,47.04414],[39.28906,47.0709],[39.29346,47.10576],[39.24453,47.19951],[39.1957,47.26885],[39.02373,47.27222],[38.92832,47.17568],[38.66816,47.14395],[38.55244,47.15034],[38.64434,47.21221],[38.73604,47.23584],[38.76191,47.26162],[38.57725,47.23911],[38.48477,47.17554],[38.21435,47.09146],[38.17832,47.08022],[37.82871,47.09585],[37.54336,47.07456],[37.33984,46.91689],[37.21856,46.91733],[37.04756,46.87622],[36.93203,46.82515],[36.79482,46.7144],[36.68867,46.76411],[36.55879,46.7627],[36.43203,46.73257],[36.27949,46.65859],[36.19463,46.64551],[36.0249,46.6668],[35.82715,46.62432],[35.40019,46.3814],[35.25664,46.20391],[35.20439,46.16919],[35.13232,46.12588],[35.05527,46.104],[35.01455,46.10601],[35.21777,46.23218],[35.28018,46.27949],[35.29092,46.3144],[35.29199,46.3707],[35.23037,46.44062],[35.06406,46.26724],[34.96953,46.24209],[34.84961,46.18989],[34.84375,46.07358],[34.85732,45.98735],[34.90664,45.87881],[35.02285,45.70098],[35.26016,45.44692],[35.37393,45.35361],[35.45752,45.31631],[35.55801,45.31089],[35.75098,45.38936],[35.8335,45.40161],[36.01289,45.37168],[36.07715,45.42412],[36.17051,45.45308],[36.29033,45.45674],[36.42705,45.43325],[36.575,45.39355],[36.51426,45.30376],[36.45078,45.23232],[36.42842,45.15327],[36.39336,45.06538],[36.22988,45.02598],[36.05479,45.03081],[35.87012,45.00532],[35.80361,45.0396],[35.75947,45.07085],[35.67754,45.102],[35.56953,45.11934],[35.47256,45.09849],[35.35781,44.97842],[35.15478,44.89634],[35.08769,44.80264],[34.88779,44.82358],[34.7169,44.80713],[34.46992,44.72168],[34.28174,44.53843],[34.07441,44.42383],[33.90996,44.3876],[33.75566,44.39893],[33.65586,44.4332],[33.45068,44.55366],[33.46269,44.59683],[33.49131,44.6186],[33.53008,44.68052],[33.61221,44.90781],[33.60117,44.98149],[33.55518,45.09766],[33.39248,45.18784],[33.26152,45.17075],[33.18691,45.19477],[32.91865,45.34815],[32.77266,45.35898],[32.61133,45.32808],[32.55186,45.35039],[32.50801,45.40381],[32.82803,45.59302],[33.14229,45.74922],[33.28008,45.76523],[33.46621,45.83794],[33.66484,45.94707],[33.63672,46.03286],[33.59414,46.09624],[33.49883,46.07886],[33.42988,46.05762],[33.26348,46.12568],[33.20225,46.17573],[32.9418,46.12378],[32.79688,46.13149],[32.47676,46.08369],[32.32988,46.13037],[32.03574,46.26099],[31.92519,46.28726],[31.83125,46.28169],[31.77998,46.32466],[31.84287,46.34614],[31.91592,46.34868],[31.9917,46.3644],[32.01309,46.38716],[32.0085,46.42998],[31.85576,46.46245],[31.71367,46.47178],[31.62363,46.51025],[31.55488,46.5543],[31.71602,46.55498],[31.87793,46.52168],[32.13144,46.50937],[32.36133,46.47495],[32.41895,46.51777],[32.55254,46.59199],[32.57803,46.61563],[32.3541,46.56484],[32.12725,46.59722],[32.04434,46.64248],[31.97432,46.70879],[31.94492,46.78437],[31.96406,46.85483],[31.93955,46.98198],[31.86475,47.09512],[31.83818,47.15723],[31.75918,47.21284],[31.83691,47.08701],[31.86592,47.00327],[31.91269,46.92612],[31.90166,46.72163],[31.87285,46.64976],[31.77959,46.63164],[31.65703,46.64243],[31.53213,46.66475],[31.56338,46.7773],[31.49687,46.73838],[31.40293,46.62881],[31.32031,46.6125],[31.13682,46.62446],[30.79629,46.552],[30.77285,46.47305],[30.72168,46.36621],[30.67227,46.304],[30.65674,46.2665],[30.51152,46.10537],[30.49297,46.09014],[30.21904,45.86675],[30.18418,45.84995],[30.00664,45.79795],[29.90166,45.75239],[29.82119,45.73208],[29.68506,45.75469],[29.62842,45.72246],[29.60166,45.68252],[29.60117,45.6],[29.67031,45.54067],[29.72695,45.34331],[29.70586,45.25991],[29.68906,45.19321],[29.67861,45.15166],[29.63535,44.97964],[29.60547,44.91548],[29.55752,44.84341],[29.04824,44.75757],[29.08105,44.79883],[29.06914,44.87114],[29.04775,44.92568],[29.09531,44.97505],[28.98066,44.99292],[28.93057,44.96582],[28.8915,44.91865],[28.92617,44.81001],[28.87041,44.74995],[28.84902,44.71631],[28.84648,44.63687],[28.81357,44.60249],[28.80703,44.56504],[28.88818,44.57476],[28.85176,44.5061],[28.69922,44.37422],[28.64541,44.29565],[28.65859,43.98384],[28.59072,43.79741],[28.58535,43.74224],[28.56182,43.50132],[28.46543,43.38931],[28.31963,43.42686],[28.13369,43.39561],[28.03516,43.26826],[27.9793,43.23052],[27.92891,43.18613],[27.89648,43.0207],[27.88887,42.74971],[27.81836,42.71665],[27.75371,42.70654],[27.48477,42.46807],[27.63955,42.40098],[27.7082,42.34995],[27.82139,42.20801],[27.98271,42.04741],[28.01445,41.96904],[27.9873,41.85488],[28.05029,41.72915],[28.19785,41.55449],[28.34639,41.46636],[28.94678,41.24839],[29.05723,41.22974],[29.03213,41.14048],[28.996,41.06113],[28.95625,41.0082],[28.78037,40.97417],[28.29492,41.07148],[28.17217,41.08071],[28.08555,41.06133],[27.92519,40.99058],[27.74736,41.01328],[27.49941,40.97315],[27.43018,40.83994],[27.25801,40.68735],[26.97461,40.56401],[26.77207,40.49805],[26.46797,40.26147],[26.32998,40.12339],[26.27178,40.09658],[26.20273,40.07539],[26.22598,40.1417],[26.26016,40.20239],[26.25234,40.24815],[26.25381,40.3147],[26.35527,40.39023],[26.44746,40.44502],[26.72031,40.54424],[26.79209,40.62661],[26.57813,40.62466],[26.36094,40.60635],[26.22422,40.61807],[26.10547,40.61133],[26.06777,40.6834],[26.03897,40.72676],[26.01074,40.76914],[25.85566,40.84409],[25.49678,40.88779],[25.32529,40.94311],[25.2501,40.93281],[25.10449,40.99473],[25.00469,40.96753],[24.79297,40.85752],[24.67871,40.86948],[24.55654,40.9356],[24.47705,40.94775],[24.38379,40.91274],[24.23438,40.78613],[24.08232,40.72407],[23.94609,40.74834],[23.76279,40.7478],[23.74326,40.677],[23.77871,40.62798],[23.87891,40.54438],[23.83193,40.48154],[23.8668,40.41855],[23.93203,40.40576],[24.03057,40.40933],[24.21279,40.32778],[24.29248,40.2418],[24.34336,40.14771],[24.23242,40.21519],[24.15879,40.28003],[24.05606,40.30356],[23.91318,40.35879],[23.82344,40.36802],[23.72793,40.32974],[23.72051,40.28628],[23.82344,40.20513],[23.91758,40.15523],[23.96748,40.11455],[24.00078,40.02461],[23.98184,39.99404],[23.94707,39.96558],[23.83535,40.02227],[23.66455,40.22383],[23.42627,40.26396],[23.38643,40.22197],[23.4332,40.11543],[23.46709,40.07393],[23.67412,39.95889],[23.65752,39.93447],[23.62734,39.92407],[23.3956,39.98984],[23.32822,40.08994],[23.31201,40.21646],[23.09814,40.3043],[22.89648,40.3999],[22.85137,40.49063],[22.89287,40.52427],[22.92227,40.59087],[22.81143,40.57861],[22.74189,40.53648],[22.62949,40.49556],[22.6249,40.42861],[22.64268,40.3666],[22.60547,40.27642],[22.56934,40.11934],[22.59219,40.03691],[22.83574,39.80059],[22.91904,39.62891],[22.97881,39.56382],[23.10342,39.49204],[23.2334,39.35845],[23.28848,39.28882],[23.32773,39.1749],[23.21836,39.10439],[23.15469,39.10146],[23.11943,39.13276],[23.16875,39.21045],[23.16172,39.25776],[22.99287,39.33105],[22.92139,39.30635],[22.83897,39.25859],[22.88603,39.16997],[22.93896,39.11152],[22.96553,39.03091],[23.0667,39.03794],[22.93047,38.9477],[22.80264,38.90161],[22.67685,38.89893],[22.59678,38.89058],[22.56914,38.86748],[22.63428,38.85068],[22.6875,38.84917],[22.77402,38.80039],[23.02031,38.74189],[23.1377,38.66797],[23.25293,38.66123],[23.36895,38.52554],[23.56963,38.4894],[23.68398,38.35244],[23.83603,38.32549],[23.96699,38.275],[24.00537,38.22681],[24.02451,38.13979],[24.03301,37.95532],[24.06133,37.81792],[24.0623,37.77451],[24.05537,37.70962],[24.01973,37.67773],[23.97158,37.67676],[23.87734,37.77778],[23.73281,37.88408],[23.58047,38.01055],[23.53721,38.03276],[23.50176,38.03486],[23.42021,37.99209],[23.19365,37.95903],[23.0874,37.91284],[23.04746,37.90264],[23.03633,37.87837],[23.08613,37.85312],[23.14717,37.79531],[23.14717,37.71626],[23.19756,37.62022],[23.2627,37.59541],[23.34756,37.59756],[23.39619,37.57979],[23.40879,37.54155],[23.4581,37.49692],[23.49063,37.46387],[23.48926,37.44019],[23.25254,37.37729],[23.20303,37.34853],[23.16152,37.33384],[23.1,37.36377],[23.09648,37.44058],[23.01514,37.48179],[22.94053,37.51709],[22.85107,37.53223],[22.775,37.58511],[22.72539,37.54214],[22.76504,37.39331],[22.85107,37.29082],[22.99502,37.01587],[23.06035,36.85352],[23.07353,36.77495],[23.04102,36.64453],[23.11172,36.54761],[23.16016,36.4481],[23.10684,36.45186],[23.06055,36.48696],[22.98291,36.52837],[22.83232,36.68711],[22.77988,36.78618],[22.71719,36.79395],[22.6084,36.77974],[22.48906,36.56816],[22.48945,36.44692],[22.42773,36.47578],[22.3748,36.51357],[22.38125,36.64619],[22.37598,36.7019],[22.23115,36.88257],[22.16475,36.90283],[22.13379,36.96392],[22.08047,37.02896],[22.01172,37.0165],[21.95557,36.99009],[21.94004,36.8918],[21.93428,36.80366],[21.89238,36.7373],[21.73809,36.86323],[21.58291,37.08096],[21.57881,37.20039],[21.69248,37.30928],[21.67891,37.38721],[21.57129,37.54102],[21.41621,37.63994],[21.3293,37.66934],[21.28848,37.77451],[21.20527,37.82886],[21.13799,37.85415],[21.12471,37.8916],[21.14502,37.91929],[21.30811,38.02744],[21.40371,38.19668],[21.45117,38.20474],[21.54873,38.1646],[21.6584,38.1751],[21.74844,38.27422],[21.82471,38.32813],[21.95332,38.32119],[22.24375,38.18872],[22.55586,38.11323],[22.71152,38.04692],[22.79961,37.9812],[22.84639,37.96758],[22.92031,37.9583],[22.91699,38.00747],[22.89316,38.05093],[22.95479,38.07461],[23.12207,38.07334],[23.15254,38.09639],[23.1835,38.13369],[23.14893,38.17607],[23.09355,38.19644],[23.03438,38.2021],[22.99541,38.21553],[22.93252,38.20195],[22.83438,38.23472],[22.78369,38.26172],[22.75391,38.2895],[22.5834,38.34492],[22.42168,38.43852],[22.38525,38.38555],[22.31992,38.35684],[22.22686,38.35283],[21.96533,38.41245],[21.80469,38.36694],[21.71709,38.35503],[21.6501,38.354],[21.56768,38.33359],[21.47256,38.32139],[21.39014,38.40781],[21.35547,38.47481],[21.33105,38.4873],[21.32979,38.42437],[21.30332,38.37393],[21.18262,38.34556],[21.11318,38.38467],[21.05977,38.50327],[20.99219,38.654],[20.87324,38.77573],[20.77686,38.80752],[20.76855,38.87441],[20.77734,38.92788],[20.89316,38.94111],[21.07422,38.88516],[21.11162,38.89629],[21.15234,38.92207],[21.14453,38.9792],[21.11836,39.02998],[21.06855,39.03227],[21.03408,39.02627],[20.92275,39.03677],[20.77969,39.00854],[20.71338,39.03516],[20.69131,39.06748],[20.57168,39.14771],[20.46826,39.25527],[20.30078,39.3271],[20.19141,39.5458],[20.09941,39.64126],[20.00127,39.70942],[19.99561,39.80103],[19.96484,39.87227],[19.85186,40.04355],[19.48457,40.20996],[19.39814,40.28486],[19.36016,40.3477],[19.32227,40.40708],[19.35859,40.40874],[19.39453,40.3937],[19.44053,40.37568],[19.45918,40.40537],[19.43926,40.47026],[19.34463,40.62207],[19.3375,40.66382],[19.38389,40.79072],[19.46123,40.9333],[19.45605,41.10605],[19.48008,41.23638],[19.45342,41.321],[19.44063,41.42476],[19.49736,41.56269],[19.5458,41.59683],[19.57568,41.64043],[19.57754,41.7875],[19.46826,41.85615],[19.34238,41.86909],[19.18643,41.94863],[19.12227,42.0605],[18.89424,42.24946],[18.63291,42.37808],[18.61904,42.39839],[18.6334,42.42314],[18.6459,42.44273],[18.5916,42.44419],[18.55352,42.42852],[18.51748,42.43291],[18.33301,42.52788],[18.16064,42.63403],[17.82383,42.79741],[17.58496,42.83716],[17.2582,42.96846],[17.04541,43.01489],[17.12646,43.02559],[17.21982,43.02588],[17.72363,42.85068],[17.66758,42.89712],[17.58516,42.93838],[17.5373,42.96226],[17.32988,43.11489],[17.12939,43.21113],[16.90312,43.39243],[16.60029,43.46406],[16.39394,43.54336],[16.26894,43.53125],[16.13105,43.5063],[16.046,43.50552],[15.98555,43.51978],[15.94258,43.56894],[15.94912,43.60698],[15.9415,43.65664],[15.82061,43.73594],[15.65566,43.81128],[15.49941,43.90879],[15.18584,44.17212],[15.12295,44.25679],[15.18467,44.2729],[15.23135,44.27144],[15.28428,44.28882],[15.36973,44.28926],[15.471,44.27197],[15.38135,44.32827],[15.26982,44.3835],[14.98135,44.60293],[14.89522,44.70659],[14.88525,44.81826],[14.90654,44.97139],[14.85459,45.08101],[14.63203,45.2229],[14.55049,45.29771],[14.38613,45.34214],[14.31269,45.33779],[14.26855,45.28252],[14.23633,45.15967],[14.09062,44.99761],[14.04199,44.9272],[13.96582,44.83564],[13.89981,44.82935],[13.86074,44.8374],[13.74248,44.9915],[13.6293,45.1082],[13.61348,45.16343],[13.60332,45.2314],[13.51719,45.48179],[13.57793,45.51689],[13.6373,45.53594],[13.71982,45.5876],[13.7833,45.62725],[13.62832,45.77095],[13.5582,45.7707],[13.46514,45.70996],[13.20635,45.77139],[13.15674,45.74658],[13.12012,45.6979],[13.03027,45.6375],[12.90303,45.61079],[12.76123,45.54429],[12.61172,45.49722],[12.49756,45.46167],[12.43213,45.46792],[12.53613,45.54492],[12.4918,45.54629],[12.35381,45.49199],[12.27432,45.44604],[12.24883,45.36885],[12.22568,45.2415],[12.28633,45.20772],[12.39248,45.03979],[12.52344,44.96797],[12.49795,44.89941],[12.46357,44.84522],[12.38447,44.79834],[12.31904,44.83311],[12.27891,44.83223],[12.24834,44.72251],[12.30498,44.42944],[12.39629,44.22388],[12.48682,44.13423],[12.69111,43.99473],[12.90703,43.92119],[13.29531,43.68608],[13.5082,43.61167],[13.56416,43.57129],[13.69326,43.38989],[13.80469,43.18037],[13.9249,42.85156],[14.01045,42.68955],[14.18271,42.50644],[14.54072,42.24429],[14.86611,42.05254],[15.16875,41.93403],[15.40498,41.91323],[15.96406,41.93945],[16.06152,41.92813],[16.16465,41.89619],[16.18916,41.81401],[16.15127,41.7585],[16.03369,41.70078],[15.91377,41.62085],[15.90049,41.51206],[16.0126,41.4354],[16.55185,41.23203],[17.10342,41.06216],[17.2752,40.97544],[17.47422,40.84058],[17.95498,40.65518],[18.03613,40.56494],[18.32822,40.37085],[18.46064,40.22104],[18.48584,40.10483],[18.42256,39.98687],[18.39346,39.90361],[18.34375,39.82139],[18.21934,39.85254],[18.07793,39.93696],[17.86504,40.28018],[17.47617,40.31494],[17.3958,40.34023],[17.25772,40.39907],[17.24941,40.43789],[17.21533,40.48643],[17.17998,40.50278],[17.03125,40.51348],[16.92822,40.45806],[16.80703,40.32646],[16.66963,40.13721],[16.52998,39.85967],[16.52188,39.74756],[16.59775,39.63892],[16.82432,39.57832],[16.99922,39.48159],[17.11455,39.38061],[17.12295,39.13657],[17.17461,38.9981],[17.09853,38.91934],[16.95146,38.93979],[16.75547,38.8897],[16.6167,38.80015],[16.55898,38.7148],[16.57422,38.49356],[16.5456,38.40908],[16.28242,38.24956],[16.14414,38.08638],[16.10977,38.01865],[16.05684,37.94185],[15.72451,37.93911],[15.6458,38.03423],[15.64307,38.17539],[15.7002,38.2623],[15.82236,38.30298],[15.90479,38.4835],[15.87891,38.61392],[15.92695,38.67173],[15.97236,38.7126],[16.06553,38.73643],[16.19678,38.75923],[16.20996,38.94111],[16.10742,39.02383],[16.07148,39.13945],[16.02363,39.35361],[15.8544,39.62651],[15.76367,39.87007],[15.69277,39.99019],[15.58516,40.05283],[15.39092,40.05215],[15.29453,40.07002],[14.95088,40.23901],[14.92695,40.26475],[14.9291,40.30957],[14.98613,40.37749],[14.94766,40.46934],[14.90693,40.55606],[14.83955,40.62998],[14.76572,40.66841],[14.61123,40.64478],[14.55693,40.62642],[14.45937,40.63271],[14.38271,40.59985],[14.33994,40.59883],[14.46055,40.72871],[14.42812,40.75933],[14.30889,40.81265],[14.14717,40.8207],[14.10234,40.82715],[14.07588,40.79395],[14.04434,40.81226],[14.04766,40.87031],[13.85977,41.12998],[13.7334,41.23564],[13.66973,41.25449],[13.55479,41.23218],[13.36191,41.27852],[13.24687,41.28887],[13.1834,41.27769],[13.08867,41.24385],[13.04102,41.26621],[13.02422,41.30093],[12.84922,41.40874],[12.63086,41.46968],[12.20566,41.81265],[12.07529,41.94087],[11.80703,42.08203],[11.6373,42.28755],[11.49844,42.36294],[11.29629,42.42329],[11.24971,42.41572],[11.18887,42.39312],[11.14121,42.38989],[11.10322,42.4166],[11.1418,42.44409],[11.18477,42.45659],[11.16777,42.53516],[10.93779,42.73872],[10.80312,42.8043],[10.76514,42.84468],[10.73711,42.89995],[10.7084,42.93633],[10.64463,42.95718],[10.59023,42.95361],[10.51484,42.96753],[10.51728,43.06514],[10.53232,43.14014],[10.5208,43.20381],[10.44756,43.37119],[10.32051,43.51309],[10.2458,43.8521],[10.18809,43.94751],[10.04766,44.01997],[9.73086,44.10117],[9.28936,44.31924],[9.196,44.323],[8.93037,44.40776],[8.76582,44.42231],[8.55195,44.34614],[8.29238,44.13652],[8.08164,43.91895],[8.00498,43.87676],[7.7333,43.80259],[7.49316,43.76714],[7.26152,43.69609],[7.18145,43.65913],[6.86475,43.43833],[6.7166,43.37358],[6.6874,43.33457],[6.65723,43.26167],[6.57022,43.19907],[6.49404,43.16929],[6.30537,43.13872],[6.11592,43.07236],[6.03057,43.10098],[5.80947,43.0979],[5.67158,43.17783],[5.40654,43.22852],[5.32022,43.34492],[5.19951,43.35249],[5.12041,43.34898],[5.07315,43.3666],[5.06084,43.4063],[5.05977,43.44453],[4.97598,43.42695],[4.91191,43.42695],[4.87373,43.41162],[4.84356,43.39395],[4.80791,43.40523],[4.78721,43.40142],[4.78906,43.37891],[4.71211,43.37329],[4.62871,43.38711],[4.40977,43.44722],[4.37617,43.4564],[4.22422,43.47964],[4.16279,43.50366],[4.11309,43.56304],[4.0751,43.58184],[4.05264,43.59307],[3.91084,43.56309],[3.86162,43.51636],[3.78477,43.46162],[3.25889,43.19321],[3.16289,43.08076],[3.05176,42.91514],[3.04307,42.83789],[3.09092,42.59087],[3.19785,42.46118],[3.21143,42.43115],[3.23984,42.36787],[3.28789,42.3437],[3.30674,42.28896],[3.21865,42.26035],[3.16641,42.25649],[3.15039,42.16245],[3.17519,42.13599],[3.22461,42.11113],[3.23809,42.08223],[3.24805,41.94424],[3.14688,41.86104],[3.00488,41.76743],[2.31094,41.4665],[2.14561,41.32075],[2.08262,41.2874],[1.5666,41.19561],[1.20586,41.09756],[1.03291,41.06206],[0.8169,40.8916],[0.71465,40.82285],[0.79609,40.80381],[0.89111,40.72236],[0.85918,40.68623],[0.72061,40.63047],[0.66006,40.61333],[0.62715,40.62222],[0.59609,40.6145],[0.36367,40.31904],[0.1584,40.10659],[0.04307,40.01396],[-0.07515,39.87593],[-0.327,39.51987],[-0.32895,39.41709],[-0.20493,39.0626],[-0.13379,38.96948],[-0.03413,38.89121],[0.15488,38.82466],[0.20156,38.75918],[0.13633,38.69678],[-0.05273,38.58569],[-0.38125,38.43565],[-0.5208,38.31728],[-0.55068,38.20313],[-0.64678,38.15185],[-0.6832,37.99204],[-0.74155,37.88613],[-0.75273,37.85024],[-0.81465,37.76992],[-0.8231,37.71162],[-0.72158,37.63106],[-0.77187,37.59624],[-0.82217,37.58076],[-0.93809,37.57134],[-1.32754,37.56113],[-1.64097,37.38696],[-1.79761,37.23286],[-1.93931,36.94585],[-2.11152,36.77666],[-2.1877,36.74546],[-2.30557,36.81982],[-2.45283,36.83115],[-2.5957,36.80649],[-2.67061,36.74756],[-2.78755,36.71475],[-2.90185,36.74316],[-3.14917,36.7585],[-3.25913,36.75576],[-3.43125,36.70791],[-3.57881,36.73984],[-3.82778,36.75606],[-4.36685,36.71811],[-4.43486,36.70024],[-4.50225,36.62915],[-4.67412,36.50644],[-4.9353,36.50205],[-5.17148,36.42378],[-5.23052,36.37363],[-5.32969,36.23574],[-5.36094,36.13491],[-5.38159,36.13408],[-5.40723,36.15889],[-5.4436,36.15059],[-5.4625,36.07378],[-5.55127,36.03882],[-5.62549,36.02593],[-5.8084,36.08833],[-5.96069,36.18174],[-6.04067,36.18843],[-6.17046,36.33379],[-6.22627,36.42647],[-6.26592,36.52651],[-6.25772,36.56484],[-6.26895,36.59673],[-6.38413,36.63701],[-6.41226,36.72886],[-6.32832,36.84815],[-6.25942,36.89898],[-6.2168,36.91357],[-6.32095,36.9085],[-6.39619,36.83164],[-6.49243,36.95464],[-6.88462,37.19424],[-6.85938,37.24917],[-6.86377,37.27891],[-6.92949,37.21494],[-6.97466,37.19844],[-7.17495,37.20879],[-7.40615,37.17944],[-7.4936,37.16831],[-7.83413,37.00571],[-7.9397,37.00542],[-8.13677,37.07705],[-8.48433,37.10005],[-8.59766,37.12134],[-8.73911,37.07461],[-8.84844,37.07568],[-8.93535,37.01602],[-8.9978,37.03227],[-8.92627,37.16606],[-8.81416,37.43081],[-8.81855,37.59243],[-8.79185,37.73281],[-8.82266,37.87188],[-8.87895,37.95869],[-8.80225,38.18384],[-8.81094,38.29976],[-8.8811,38.44668],[-8.66831,38.42432],[-8.73398,38.48242],[-8.79888,38.51816],[-8.86162,38.50996],[-8.91479,38.51211],[-9.096,38.45522],[-9.18672,38.43818],[-9.21328,38.4481],[-9.20337,38.53896],[-9.25039,38.65674],[-9.17783,38.68779],[-9.09331,38.69668],[-9.02148,38.74688],[-8.97705,38.80293],[-9.00049,38.90303],[-8.93809,38.9981],[-8.7916,39.07817],[-8.86748,39.06597],[-8.9543,39.01606],[-9.09102,38.83467],[-9.13579,38.74277],[-9.2523,38.71279],[-9.35674,38.6979],[-9.4102,38.70752],[-9.47412,38.73086],[-9.47974,38.79878],[-9.47476,38.85293],[-9.43145,38.96045],[-9.41436,39.11211],[-9.35283,39.24815],[-9.35723,39.28428],[-9.37476,39.33828],[-9.31963,39.39111],[-9.25142,39.42603],[-9.14829,39.54258],[-9.00405,39.82056],[-8.83784,40.11567],[-8.85132,40.15181],[-8.88662,40.17944],[-8.87266,40.25908],[-8.77241,40.60566],[-8.73159,40.65093],[-8.68462,40.75254],[-8.67398,40.9165],[-8.65557,41.02949],[-8.65981,41.08628],[-8.67461,41.15449],[-8.73838,41.28467],[-8.80566,41.56001],[-8.81084,41.65195],[-8.75542,41.69839],[-8.84639,41.70518],[-8.8876,41.7646],[-8.87822,41.83208],[-8.77715,41.94106],[-8.85234,41.9269],[-8.87832,41.94687],[-8.88721,42.10527],[-8.77246,42.2106],[-8.69092,42.27417],[-8.7292,42.28701],[-8.81582,42.28525],[-8.80996,42.33447],[-8.76938,42.35815],[-8.73003,42.41172],[-8.77617,42.43481],[-8.81211,42.47007],[-8.80991,42.56235],[-8.7999,42.5999],[-8.81152,42.64033],[-8.98779,42.58564],[-9.03311,42.59385],[-9.03506,42.66235],[-8.93721,42.7667],[-8.9272,42.79858],[-9.0416,42.81401],[-9.1272,42.86523],[-9.17944,42.91099],[-9.23521,42.9769],[-9.23564,43.03579],[-9.17808,43.17402],[-9.09556,43.21421],[-9.02451,43.23897],[-8.87368,43.33442],[-8.66563,43.3166],[-8.53706,43.33706],[-8.42158,43.38584],[-8.35547,43.39683],[-8.24893,43.4394],[-8.2523,43.49692],[-8.28887,43.5396],[-8.25674,43.57988],[-8.13716,43.62905],[-8.00469,43.69438],[-7.85273,43.70698],[-7.69815,43.76455],[-7.59458,43.72734],[-7.50361,43.73994],[-7.39932,43.6958],[-7.26196,43.59463],[-7.06099,43.55396],[-6.90068,43.58564],[-6.61728,43.59238],[-6.47568,43.57891],[-6.22412,43.60386],[-6.08013,43.59492],[-5.84668,43.64507],[-5.66582,43.58247],[-5.31572,43.55317],[-5.10527,43.50185],[-4.52305,43.41572],[-4.31279,43.41475],[-4.01533,43.46309],[-3.88936,43.49941],[-3.77402,43.47788],[-3.60464,43.51948],[-3.52363,43.51103],[-3.41787,43.45171],[-3.04561,43.37158],[-2.94771,43.4397],[-2.87505,43.45444],[-2.60708,43.41274],[-2.33711,43.32803],[-2.19668,43.32192],[-1.99131,43.34507],[-1.82852,43.40083],[-1.79404,43.40732],[-1.63145,43.43804],[-1.48486,43.56377],[-1.346,44.02022],[-1.24551,44.55986],[-1.1708,44.66182],[-1.07695,44.68984],[-1.15288,44.76401],[-1.20039,44.72646],[-1.22031,44.68662],[-1.24521,44.6667],[-1.18906,45.16148],[-1.14907,45.34263],[-1.08101,45.53242],[-0.94175,45.45708],[-0.82632,45.38066],[-0.76665,45.31435],[-0.69111,45.09346],[-0.63398,45.04712],[-0.54849,45.00059],[-0.58227,45.05137],[-0.64111,45.09019],[-0.73311,45.38462],[-0.79077,45.46802],[-0.88066,45.53818],[-1.16997,45.68594],[-1.196,45.71445],[-1.20996,45.7709],[-1.11435,45.76851],[-1.03174,45.74106],[-1.0415,45.77266],[-1.06602,45.80566],[-1.1044,45.92534],[-1.13638,46.20483],[-1.13203,46.25269],[-1.14629,46.31138],[-1.23882,46.32451],[-1.31279,46.3269],[-1.39248,46.3501],[-1.78652,46.51484],[-1.92144,46.68481],[-2.05938,46.8103],[-2.09248,46.86504],[-2.09028,46.92051],[-2.0189,47.03765],[-2.08193,47.11162],[-2.14356,47.12632],[-2.19707,47.16294],[-2.14858,47.22393],[-2.1083,47.26294],[-2.02759,47.27358],[-1.92173,47.26064],[-1.82129,47.22534],[-1.74253,47.21597],[-1.97539,47.31069],[-2.35303,47.27876],[-2.43442,47.29097],[-2.50312,47.31206],[-2.53003,47.38159],[-2.47632,47.41294],[-2.42769,47.4709],[-2.48271,47.51162],[-2.55405,47.52705],[-2.66592,47.52617],[-2.77031,47.51387],[-2.79678,47.53726],[-2.73311,47.60181],[-2.78721,47.62554],[-2.85938,47.61445],[-2.96406,47.60107],[-3.06421,47.62134],[-3.15884,47.69468],[-3.22158,47.69414],[-3.2647,47.68511],[-3.32861,47.71333],[-3.3959,47.72041],[-3.44394,47.71104],[-3.50781,47.75312],[-3.90093,47.83755],[-4.0707,47.84785],[-4.22642,47.80962],[-4.31211,47.8229],[-4.3751,47.87744],[-4.42798,47.96894],[-4.67881,48.0395],[-4.6292,48.08579],[-4.5124,48.09673],[-4.37783,48.12881],[-4.32944,48.16997],[-4.43462,48.21797],[-4.51221,48.22974],[-4.54434,48.24697],[-4.57715,48.29004],[-4.53066,48.30972],[-4.4979,48.29927],[-4.40332,48.29307],[-4.24141,48.30366],[-4.30176,48.34707],[-4.3644,48.35674],[-4.39316,48.36763],[-4.5248,48.37231],[-4.58472,48.35752],[-4.71938,48.36313],[-4.74854,48.41001],[-4.7625,48.45024],[-4.72075,48.53989],[-4.5312,48.61997],[-4.05889,48.70752],[-3.85566,48.69473],[-3.7148,48.7105],[-3.546,48.76567],[-3.47148,48.81294],[-3.23144,48.84082],[-3.00322,48.79067],[-2.79287,48.60107],[-2.69233,48.53682],[-2.44619,48.64829],[-2.07944,48.64502],[-2.00371,48.58208],[-1.97314,48.63511],[-1.90571,48.69712],[-1.85195,48.66885],[-1.82471,48.63052],[-1.43765,48.64141],[-1.37647,48.65259],[-1.48047,48.69761],[-1.56548,48.80552],[-1.5831,49.20239],[-1.69033,49.31318],[-1.81343,49.49014],[-1.87007,49.59512],[-1.87539,49.6314],[-1.85644,49.68379],[-1.70513,49.68096],[-1.58823,49.66768],[-1.36572,49.70728],[-1.25864,49.68018],[-1.26494,49.59824],[-1.23228,49.49487],[-1.19497,49.44482],[-1.13853,49.38789],[-0.95913,49.39316],[-0.76553,49.35972],[-0.5209,49.35454],[-0.16348,49.29678],[-0.01118,49.33022],[0.13613,49.40151],[0.4169,49.44839],[0.43926,49.47319],[0.27764,49.46328],[0.1294,49.50845],[0.10938,49.55752],[0.12656,49.60156],[0.18672,49.70303],[0.61621,49.86294],[0.92412,49.9102],[1.24551,49.99824],[1.40723,50.08852],[1.51406,50.20508],[1.54844,50.23071],[1.59277,50.2522],[1.55156,50.29395],[1.57949,50.73926],[1.60957,50.81948],[1.67227,50.88501],[1.76768,50.93569],[1.9125,50.99063],[2.4457,51.0665],[2.5249,51.09712],[2.96016,51.26543],[3.22519,51.35161],[3.3501,51.37769],[3.42578,51.39351],[3.58945,51.39941],[3.7165,51.36914],[3.8834,51.35449],[4.01103,51.39595],[4.11152,51.36064],[4.22617,51.38647],[4.13887,51.40151],[4.00654,51.44321],[3.82187,51.40937],[3.69355,51.4499],[3.58691,51.45391],[3.52051,51.48618],[3.44893,51.54077],[3.49961,51.57666],[3.54863,51.58911],[3.74395,51.59604],[3.88604,51.57422],[4.14131,51.45576],[4.20576,51.45669],[4.27412,51.47163],[4.23935,51.50391],[4.17549,51.51929],[4.08047,51.55112],[4.00479,51.59585],[4.18262,51.6103],[4.15801,51.63345],[4.13457,51.6729],[3.94687,51.81055],[3.97891,51.8478],[4.02607,51.92773],[4.08486,51.99409],[4.13174,52.01191],[4.20879,52.05898],[4.37627,52.19683],[4.48281,52.30918],[4.56211,52.44258],[4.67832,52.80977],[4.7127,52.87212],[4.76875,52.94131],[4.83906,52.92827],[4.88799,52.90835],[5.06123,52.96064],[5.3584,53.09648],[5.446,53.21406],[5.53203,53.2687],[5.87354,53.37519],[6.06221,53.40708],[6.35322,53.41528],[6.56357,53.43428],[6.81621,53.44116],[6.9124,53.37539],[6.96816,53.32729],[7.05801,53.30059],[7.19727,53.28227],[7.15205,53.32695],[7.05332,53.37583],[7.07432,53.47764],[7.10713,53.55698],[7.20645,53.65454],[7.28525,53.68135],[7.6292,53.69727],[8.00928,53.69072],[8.16709,53.54341],[8.1085,53.46768],[8.20078,53.43242],[8.24521,53.44531],[8.279,53.51118],[8.30156,53.58413],[8.33389,53.6062],[8.45137,53.55171],[8.49268,53.51436],[8.49521,53.39424],[8.53848,53.55689],[8.50625,53.67075],[8.52842,53.7811],[8.57559,53.83848],[8.61895,53.875],[8.89775,53.83569],[9.20557,53.85596],[9.32197,53.81348],[9.58535,53.60049],[9.67314,53.56562],[9.78398,53.55464],[9.63125,53.60019],[9.31201,53.85913],[9.21641,53.89121],[9.06963,53.90093],[8.97813,53.92622],[8.92041,53.96533],[8.90352,54.00029],[8.90664,54.26079],[8.85156,54.29956],[8.78037,54.31304],[8.73603,54.29521],[8.64492,54.29497],[8.62578,54.35395],[8.64805,54.39766],[8.83115,54.42754],[8.95186,54.46758],[8.95723,54.53833],[8.88096,54.59394],[8.78965,54.69595],[8.68232,54.79185],[8.66143,54.98594],[8.63828,55.04556],[8.57295,55.13428],[8.66982,55.15566],[8.65107,55.32856],[8.61592,55.41821],[8.34531,55.5103],[8.13213,55.59981],[8.18135,55.90117],[8.20234,55.98237],[8.12148,56.13989],[8.12988,56.32119],[8.16396,56.60688],[8.23174,56.61807],[8.28144,56.6167],[8.47315,56.56543],[8.55293,56.5603],[8.60762,56.5145],[8.67168,56.49565],[8.71807,56.54429],[8.73613,56.62744],[8.88809,56.73506],[8.99453,56.77481],[9.06709,56.79385],[9.14033,56.75044],[9.19639,56.70166],[9.20967,56.8084],[9.25488,57.01172],[9.11045,57.04365],[8.99277,57.01611],[8.87607,56.88726],[8.77197,56.72529],[8.60313,56.7104],[8.46836,56.66455],[8.34668,56.71211],[8.26826,56.754],[8.26631,56.81533],[8.28408,56.85234],[8.42705,56.98442],[8.61856,57.11128],[8.81152,57.11006],[8.95225,57.15059],[9.03633,57.15542],[9.29883,57.14653],[9.43359,57.17432],[9.5543,57.23247],[9.81514,57.47842],[9.96231,57.58096],[10.25908,57.61704],[10.5333,57.7354],[10.60996,57.73691],[10.48096,57.64868],[10.46025,57.61455],[10.44463,57.56221],[10.53711,57.44853],[10.51758,57.37935],[10.52412,57.24321],[10.43691,57.17227],[10.33848,57.02134],[10.29609,56.99912],[10.28701,56.82295],[10.29668,56.78091],[10.28271,56.62051],[10.38359,56.55483],[10.49023,56.52051],[10.8459,56.52173],[10.88281,56.49287],[10.92617,56.44326],[10.89443,56.35903],[10.85645,56.29551],[10.75342,56.24199],[10.62119,56.2021],[10.53896,56.20034],[10.42695,56.27617],[10.37373,56.25156],[10.31875,56.21289],[10.22666,56.00537],[10.18301,55.86519],[10.15938,55.85381],[10.10732,55.87446],[10.01738,55.87607],[9.90371,55.84282],[9.96201,55.81309],[10.02363,55.76143],[9.99902,55.73555],[9.89902,55.70757],[9.81035,55.65098],[9.77324,55.60815],[9.66143,55.55747],[9.59111,55.49321],[9.62559,55.41357],[9.64023,55.34365],[9.671,55.26641],[9.64326,55.20474],[9.50479,55.11626],[9.45371,55.03955],[9.57236,55.04053],[9.64541,55.0228],[9.68818,55.00015],[9.73232,54.96802],[9.70527,54.92832],[9.7459,54.80718],[9.89228,54.78061],[9.95381,54.73828],[10.02217,54.67393],[10.02881,54.5813],[9.94131,54.51465],[9.86865,54.47246],[10.14346,54.48843],[10.1708,54.4502],[10.2124,54.40894],[10.36045,54.43833],[10.73154,54.31626],[10.95596,54.37568],[11.01338,54.37915],[11.06436,54.28052],[11.00859,54.18115],[10.81074,54.07515],[10.85459,54.00981],[10.91777,53.99531],[11.1043,54.00918],[11.39961,53.94463],[11.46113,53.96475],[11.70059,54.11353],[11.79629,54.14546],[12.11133,54.16831],[12.16865,54.22588],[12.29629,54.28379],[12.37852,54.34702],[12.57539,54.46738],[12.7791,54.4457],[12.89805,54.42266],[13.02861,54.41103],[13.14746,54.28272],[13.44805,54.14087],[13.72422,54.15322],[13.82227,54.01904],[13.86553,53.85337],[13.95039,53.80137],[14.025,53.76743],[14.25,53.73188],[14.4876,53.67188],[14.5835,53.63936],[14.57158,53.67588],[14.55215,53.70732],[14.56494,53.75352],[14.5584,53.82319],[14.35088,53.85874],[14.17217,53.87436],[14.04834,53.86309],[13.92578,53.87905],[13.90215,53.93897],[13.92168,53.99663],[13.87246,54.03628],[13.82715,54.05957],[13.82041,54.09282],[13.82773,54.12725],[14.03887,54.03457],[14.21143,53.95034],[14.24932,53.93193],[14.38418,53.92471],[14.71572,54.01831],[15.28838,54.13989],[15.9,54.25395],[16.04277,54.26636],[16.18633,54.29038],[16.23935,54.33306],[16.29228,54.36162],[16.37559,54.43686],[16.55977,54.55381],[16.88545,54.59639],[17.00703,54.65185],[17.26191,54.72954],[17.84297,54.8167],[18.08564,54.83584],[18.32344,54.83818],[18.53516,54.76943],[18.75928,54.68457],[18.79961,54.63335],[18.67832,54.66528],[18.50156,54.7415],[18.43623,54.74473],[18.58711,54.51289],[18.66963,54.43091],[18.83643,54.36958],[18.97627,54.34893],[19.40713,54.38608],[19.56016,54.43462],[19.6044,54.45918],[19.7585,54.54482],[19.85889,54.63384],[19.94414,54.75],[19.95322,54.83047],[19.97451,54.92119],[20.10762,54.95649],[20.39668,54.95127],[20.52031,54.99487],[20.67891,55.10264],[20.8457,55.23203],[20.89981,55.28667],[21.01406,55.40195],[21.05762,55.47681],[21.08789,55.58311],[21.11484,55.6165],[21.11572,55.56816],[21.10391,55.48774],[21.03174,55.35049],[20.85938,55.18364],[20.59482,54.98237],[20.67773,54.95566],[20.77402,54.94702],[20.8875,54.90947],[20.9959,54.90269],[21.18887,54.93521],[21.22285,55.10776],[21.23633,55.27119],[21.20107,55.3438],[21.23789,55.45503],[21.17109,55.61773],[21.06191,55.81343],[21.05381,56.02295],[21.04609,56.07007],[21.01494,56.25894],[21.03145,56.63657],[21.07129,56.82373],[21.25742,56.93276],[21.35078,57.01768],[21.40508,57.13101],[21.42148,57.23584],[21.45918,57.32246],[21.72871,57.571],[21.94238,57.59785],[22.23145,57.6668],[22.55459,57.72427],[22.61699,57.65117],[22.64863,57.59536],[23.03779,57.39209],[23.13682,57.32383],[23.2873,57.08975],[23.64775,56.97104],[23.93115,57.0085],[24.0543,57.06611],[24.28125,57.17231],[24.38262,57.25005],[24.40322,57.325],[24.36299,57.64531],[24.30156,57.78413],[24.32256,57.8706],[24.33203,57.90977],[24.46387,58.10596],[24.4875,58.26162],[24.53574,58.28301],[24.54971,58.30459],[24.5291,58.35425],[24.39219,58.38608],[24.33691,58.3814],[24.28721,58.32803],[24.23565,58.28955],[24.11484,58.26611],[24.01094,58.30664],[23.76758,58.36084],[23.70605,58.43301],[23.6915,58.50561],[23.56279,58.57583],[23.50928,58.65854],[23.53066,58.71626],[23.64746,58.75415],[23.68076,58.78716],[23.53359,58.78193],[23.50361,58.78984],[23.49717,58.81953],[23.43203,58.92065],[23.48965,58.9605],[23.51504,58.99922],[23.46777,59.03218],[23.48018,59.06968],[23.51699,59.10757],[23.49443,59.19565],[23.64053,59.24233],[23.78252,59.27515],[24.0834,59.29189],[24.05361,59.37231],[24.17539,59.37593],[24.38037,59.47266],[24.58359,59.45566],[24.87754,59.52207],[25.44375,59.52114],[25.5209,59.55947],[25.50742,59.598],[25.50928,59.63901],[25.61572,59.62754],[25.79375,59.63467],[26.46084,59.55391],[26.625,59.55391],[26.85205,59.47178],[26.97471,59.45063],[27.33584,59.45049],[27.89258,59.41421],[28.00185,59.46982],[28.0125,59.48428],[28.06396,59.554],[28.04629,59.64717],[28.01396,59.72476],[28.05801,59.78154],[28.13115,59.78652],[28.2125,59.72466],[28.33457,59.69253],[28.42373,59.73408],[28.45391,59.81426],[28.51816,59.84956],[28.60391,59.81807],[28.74766,59.80669],[28.86689,59.81191],[28.94727,59.82876],[28.98154,59.85478],[29.01338,59.90156],[29.0791,59.96099],[29.14727,59.99976],[29.66973,59.95566],[30.12256,59.87358],[30.15684,59.9043],[30.17266,59.95713],[30.05996,60.00259],[29.97676,60.02637],[29.87227,60.12085],[29.72119,60.19531],[29.56934,60.20186],[29.37041,60.17593],[29.06914,60.19145],[28.8127,60.33154],[28.64316,60.37529],[28.52227,60.48296],[28.4916,60.54014],[28.62246,60.4916],[28.64033,60.54287],[28.65059,60.61099],[28.57783,60.65254],[28.51279,60.6773],[28.1793,60.571],[27.79766,60.53613],[27.76162,60.53286],[27.66934,60.49898],[27.5251,60.49077],[27.4624,60.46484],[27.24189,60.53867],[27.20527,60.54346],[27.07559,60.52515],[26.95117,60.47148],[26.72148,60.45508],[26.60742,60.43769],[26.53467,60.41289],[26.51973,60.47158],[26.55117,60.546],[26.60176,60.5956],[26.60645,60.62793],[26.56934,60.62456],[26.4958,60.55181],[26.45644,60.4668],[26.37773,60.42407],[26.20469,60.40659],[26.03603,60.4749],[25.95596,60.47422],[26.00625,60.42529],[26.04023,60.37158],[26.03584,60.3415],[25.9459,60.34678],[25.8458,60.3146],[25.75801,60.26753],[25.71543,60.26743],[25.65645,60.3332],[25.54824,60.30249],[25.45576,60.26123],[25.26787,60.24834],[25.15586,60.19409],[24.95762,60.15747],[24.84873,60.15835],[24.60049,60.11426],[24.51797,60.04629],[24.44561,60.02129],[24.34258,60.04233],[24.0252,60.00918],[23.72178,59.96567],[23.59268,59.96816],[23.46357,59.98623],[23.32676,59.92578],[23.18145,59.84492],[23.02129,59.81602],[22.96387,59.82637],[23.00977,59.8688],[23.11572,59.91269],[23.18848,59.97222],[23.19844,60.02183],[23.14844,60.04131],[23.08018,60.04727],[22.99414,60.09853],[22.91172,60.20972],[22.86709,60.21582],[22.84443,60.18662],[22.81914,60.10137],[22.79346,60.07681],[22.7498,60.05727],[22.69736,60.0376],[22.64619,60.02803],[22.4627,60.0292],[22.43857,60.07227],[22.43857,60.09028],[22.47109,60.14697],[22.44268,60.15689],[22.46973,60.20132],[22.51299,60.19893],[22.56426,60.20552],[22.58994,60.22837],[22.58799,60.25566],[22.5167,60.26274],[22.51231,60.28135],[22.57588,60.35908],[22.58496,60.38057],[22.56035,60.38501],[22.52051,60.37656],[22.25791,60.40093],[21.93398,60.50029],[21.8543,60.50542],[21.80527,60.59414],[21.72715,60.58291],[21.61328,60.53096],[21.52783,60.57041],[21.43604,60.59639],[21.41064,60.63696],[21.41191,60.69683],[21.404,60.76743],[21.37891,60.85005],[21.36055,60.96748],[21.37773,61.05923],[21.45098,61.12715],[21.4791,61.17051],[21.51348,61.2812],[21.52119,61.41084],[21.50176,61.45498],[21.50664,61.48433],[21.56504,61.48433],[21.55234,61.50952],[21.52666,61.52329],[21.49824,61.55195],[21.52246,61.56714],[21.59238,61.56821],[21.59805,61.57788],[21.60596,61.59155],[21.55185,61.66685],[21.5456,61.70273],[21.47051,61.81167],[21.38486,61.91494],[21.25596,61.98965],[21.30166,62.11265],[21.35371,62.22383],[21.34336,62.27739],[21.32344,62.34258],[21.16562,62.41406],[21.14219,62.51479],[21.10361,62.62295],[21.11816,62.68926],[21.14385,62.73999],[21.1957,62.79053],[21.45752,62.95],[21.47353,63.03325],[21.65098,63.03931],[21.56865,63.11372],[21.54922,63.15552],[21.54512,63.2043],[21.80039,63.2377],[21.8957,63.21025],[22.12031,63.24414],[22.31973,63.31045],[22.31621,63.34565],[22.28555,63.3772],[22.24326,63.43794],[22.27324,63.45479],[22.346,63.44238],[22.3126,63.47256],[22.31865,63.5044],[22.39805,63.49116],[22.52764,63.57998],[22.53232,63.64785],[22.75625,63.68335],[23.01445,63.82183],[23.13359,63.86494],[23.24873,63.89614],[23.43284,64],[20.87169,64],[20.7627,63.86782],[20.67764,63.82627],[20.45371,63.77373],[20.37139,63.7229],[20.20469,63.66245],[19.91367,63.61055],[19.78164,63.53818],[19.72207,63.46333],[19.65576,63.45801],[19.59004,63.48726],[19.50234,63.50903],[19.49092,63.46021],[19.49463,63.42437],[19.3543,63.47749],[19.28809,63.42876],[19.23633,63.34736],[19.03438,63.23774],[18.8167,63.25747],[18.79228,63.23813],[18.85019,63.22412],[18.85898,63.20659],[18.81943,63.19727],[18.75957,63.19824],[18.66719,63.17656],[18.60645,63.17827],[18.57764,63.12642],[18.53066,63.06352],[18.40771,63.0375],[18.34424,63.03213],[18.31289,62.99639],[18.50205,62.98887],[18.48691,62.95859],[18.48262,62.92832],[18.46309,62.89585],[18.24805,62.84907],[18.21494,62.81221],[18.17002,62.78936],[18.07441,62.79067],[18.07793,62.81196],[18.09355,62.83604],[17.95107,62.83389],[17.90664,62.88677],[17.87959,62.87319],[17.8956,62.83052],[17.93291,62.78613],[17.97441,62.72104],[17.94072,62.67988],[17.90303,62.65947],[17.93047,62.64063],[18.00654,62.62627],[18.0373,62.60054],[17.94707,62.57847],[17.83447,62.50273],[17.71777,62.50088],[17.64639,62.45088],[17.57061,62.45103],[17.50898,62.48252],[17.41025,62.5084],[17.37842,62.46279],[17.37334,62.42651],[17.429,62.33472],[17.53525,62.26367],[17.63369,62.23301],[17.56289,62.21231],[17.51016,62.16631],[17.44658,62.02266],[17.41201,61.96611],[17.37451,61.86631],[17.39824,61.78208],[17.41728,61.74067],[17.46543,61.68447],[17.33457,61.6917],[17.19639,61.72456],[17.21562,61.65635],[17.13076,61.57573],[17.14658,61.50464],[17.16426,61.4583],[17.13799,61.38169],[17.17793,61.35762],[17.19961,61.31196],[17.16387,61.27827],[17.17978,61.24927],[17.18574,61.14653],[17.21289,60.98584],[17.20293,60.95186],[17.27891,60.81216],[17.26123,60.76318],[17.25098,60.70078],[17.35986,60.64082],[17.45703,60.6418],[17.55547,60.64272],[17.59307,60.62769],[17.63076,60.58525],[17.66113,60.53516],[17.74219,60.53931],[17.87158,60.58008],[17.95576,60.5898],[18.01133,60.51143],[18.1625,60.40791],[18.25049,60.36152],[18.4,60.33711],[18.55752,60.25356],[18.53545,60.15288],[18.60117,60.11924],[18.78701,60.07949],[18.85273,60.02588],[18.88428,59.98018],[18.9332,59.94228],[18.99043,59.82778],[18.97051,59.75723],[18.8956,59.73296],[18.71875,59.65737],[18.63994,59.60093],[18.57813,59.56577],[18.40244,59.49038],[18.33809,59.47686],[18.27647,59.43765],[18.2169,59.42051],[18.16357,59.43037],[17.96426,59.35938],[17.97978,59.32905]],[[48,45.70724],[47.83018,45.66304],[47.76396,45.66597],[47.70107,45.68618],[47.64981,45.65674],[47.6333,45.58403],[47.57402,45.63428],[47.5084,45.67417],[47.47939,45.6876],[47.46328,45.67969],[47.52422,45.60171],[47.52949,45.53023],[47.51455,45.49092],[47.48867,45.45508],[47.45449,45.43306],[47.41309,45.42104],[47.39111,45.29478],[47.35127,45.21773],[47.29619,45.14946],[47.22148,45.02427],[47.16152,44.96963],[47.11475,44.90596],[47.08379,44.81699],[47.03926,44.83789],[47.00293,44.87607],[46.98369,44.82559],[46.95742,44.78257],[46.84121,44.71826],[46.75527,44.65654],[46.71611,44.56069],[46.70723,44.50332],[46.7209,44.45166],[46.75303,44.42065],[46.91572,44.38716],[47.02363,44.34326],[47.12266,44.26167],[47.22988,44.19238],[47.30703,44.10312],[47.36152,43.99336],[47.4292,43.77988],[47.46279,43.55503],[47.5626,43.83467],[47.64648,43.88462],[47.62783,43.80596],[47.56797,43.68496],[47.50898,43.50972],[47.48984,43.38169],[47.51162,43.27075],[47.51289,43.21875],[47.46318,43.03506],[47.48887,42.99976],[47.529,42.96714],[47.63486,42.90347],[47.70908,42.81094],[47.72773,42.68071],[47.76973,42.64478],[47.82236,42.61348],[48,42.43449],[48,45.70724]]]}}]}
